-- MySQL dump 10.17  Distrib 10.3.16-MariaDB, for Win64 (AMD64)
--
-- Host: localhost    Database: product_archive
-- ------------------------------------------------------
-- Server version	10.3.16-MariaDB

/*!40101 SET @OLD_CHARACTER_SET_CLIENT=@@CHARACTER_SET_CLIENT */;
/*!40101 SET @OLD_CHARACTER_SET_RESULTS=@@CHARACTER_SET_RESULTS */;
/*!40101 SET @OLD_COLLATION_CONNECTION=@@COLLATION_CONNECTION */;
/*!40101 SET NAMES utf8mb4 */;
/*!40103 SET @OLD_TIME_ZONE=@@TIME_ZONE */;
/*!40103 SET TIME_ZONE='+00:00' */;
/*!40014 SET @OLD_UNIQUE_CHECKS=@@UNIQUE_CHECKS, UNIQUE_CHECKS=0 */;
/*!40014 SET @OLD_FOREIGN_KEY_CHECKS=@@FOREIGN_KEY_CHECKS, FOREIGN_KEY_CHECKS=0 */;
/*!40101 SET @OLD_SQL_MODE=@@SQL_MODE, SQL_MODE='NO_AUTO_VALUE_ON_ZERO' */;
/*!40111 SET @OLD_SQL_NOTES=@@SQL_NOTES, SQL_NOTES=0 */;

--
-- Current Database: `product_archive`
--

/*!40000 DROP DATABASE IF EXISTS `product_archive`*/;

CREATE DATABASE /*!32312 IF NOT EXISTS*/ `product_archive` /*!40100 DEFAULT CHARACTER SET latin1 */;

USE `product_archive`;

--
-- Table structure for table `game_genre`
--

DROP TABLE IF EXISTS `game_genre`;
/*!40101 SET @saved_cs_client     = @@character_set_client */;
/*!40101 SET character_set_client = utf8 */;
CREATE TABLE `game_genre` (
  `game_id` int(11) NOT NULL,
  `genre_id` int(11) NOT NULL,
  PRIMARY KEY (`game_id`,`genre_id`)
) ENGINE=InnoDB DEFAULT CHARSET=utf8mb4 COLLATE=utf8mb4_unicode_ci;
/*!40101 SET character_set_client = @saved_cs_client */;

--
-- Dumping data for table `game_genre`
--

LOCK TABLES `game_genre` WRITE;
/*!40000 ALTER TABLE `game_genre` DISABLE KEYS */;
INSERT INTO `game_genre` VALUES (1,2),(2,2),(2,3),(2,5),(3,2),(3,3),(3,4),(3,5),(4,2),(4,3),(4,4),(5,2),(5,3),(5,4),(6,2),(6,3),(6,4),(7,2),(7,3),(7,4),(8,2),(8,3),(8,4),(9,2),(9,3),(9,4),(10,2),(10,3),(10,4),(11,2),(11,3),(11,4),(12,2),(12,3),(12,4),(13,2),(13,3),(13,4),(14,3),(14,6),(14,7),(14,8),(15,3),(15,4),(16,3),(16,4),(17,3),(17,4),(17,9),(17,10),(18,3),(18,8),(18,9),(18,10),(19,3),(19,8),(19,9),(19,10),(20,3),(20,8),(20,9),(20,10),(21,3),(21,8),(21,9),(21,10),(22,3),(22,8),(22,9),(22,10),(23,3),(23,8),(23,9),(23,10),(24,3),(24,9),(24,10),(25,11),(25,20),(26,11),(26,19),(27,3),(27,9),(27,10),(28,3),(28,9),(28,10),(29,3),(29,12),(29,13),(29,14),(30,3),(30,15),(30,16),(31,3),(31,15),(31,16),(32,2),(33,3),(33,4),(33,13),(34,7),(34,17),(34,18),(35,3),(35,4),(35,13),(36,2),(36,3),(36,13),(37,2),(37,3),(37,13),(38,2),(38,3),(38,17),(39,11),(39,19),(40,7),(41,3),(41,13),(42,3),(42,13),(43,3),(43,13),(44,2),(44,3),(44,9),(44,10),(45,2),(45,3),(45,9),(45,10),(46,7),(46,18),(47,7),(47,18),(48,7),(48,18),(49,7),(49,18),(50,7),(50,18),(51,7),(51,18),(52,3),(52,10),(52,12),(53,2),(53,3),(53,10),(53,12),(53,21),(54,2),(54,3),(54,10),(54,12),(54,21),(55,2),(55,3),(55,12),(55,21),(56,2),(56,3),(56,12),(56,21),(57,7),(58,2),(58,3),(58,5),(59,2),(59,3),(60,2),(60,3),(61,2),(61,3),(61,10),(61,12),(62,2),(62,22),(63,2),(63,3),(64,2),(64,3),(64,10),(64,12),(65,3),(65,10),(66,2),(66,3),(67,3),(67,10),(67,12),(68,2),(68,3),(69,2),(69,22),(70,2),(70,3),(70,10),(70,12),(71,3),(71,10),(71,12),(71,13),(72,3),(72,10),(72,12),(72,13),(73,3),(73,12),(73,13),(74,3),(74,10),(74,12),(75,3),(75,9),(75,10),(76,3),(76,9),(76,10),(77,6),(77,7),(78,7),(78,18),(79,7),(79,18),(80,17),(81,17),(82,17),(83,9),(83,15),(83,16),(84,7),(84,18),(85,18),(86,5),(86,23),(87,5),(87,23),(88,2),(88,3),(88,5),(88,14),(89,2),(89,3),(89,10),(90,24),(91,18),(92,3),(92,10),(92,12),(93,3),(93,10),(93,12),(93,21),(94,3),(94,10),(94,12),(94,15),(94,16),(95,12),(95,15),(95,16),(96,3),(96,10),(96,12),(96,15),(97,3),(97,4),(97,9),(97,10),(98,3),(98,13),(99,2),(99,3),(99,21),(100,3),(100,14),(100,25),(101,2),(102,2),(103,13),(103,21),(104,2),(104,3),(104,4),(105,2),(105,22),(106,2),(106,3),(106,10),(106,12),(106,21),(107,3),(107,11),(107,13),(108,2),(108,3),(108,21),(109,7),(110,7),(111,7),(112,7),(113,7),(114,2),(114,22),(115,2),(115,22),(116,2),(116,22),(117,2),(117,13),(118,2),(118,22),(119,6),(119,8),(120,2),(120,3),(121,11),(121,19),(123,18),(124,2),(124,3),(124,12),(124,21),(125,11),(125,20),(126,9),(126,25),(127,7),(128,7),(129,2),(129,22),(130,7),(131,11),(131,19),(132,11),(132,19),(133,2),(133,22),(134,3),(134,12),(134,15),(135,2),(135,3),(135,15),(136,2),(136,3),(136,4),(137,7),(137,18),(138,2),(138,3),(138,21),(139,2),(139,3),(139,21),(140,3),(140,13),(141,3),(141,9),(141,10),(142,3),(142,26),(143,3),(143,9),(143,15),(143,16),(144,2),(145,4),(145,10),(145,12),(146,2),(146,22),(147,2),(147,22),(148,2),(148,22),(149,18),(149,26),(150,9),(150,10),(151,2),(151,3),(151,4),(152,2),(152,22),(153,2),(153,4),(153,13),(153,21),(154,2),(154,3),(154,13),(155,3),(155,4),(155,9),(155,10),(155,13),(156,7),(156,18),(157,2),(157,3),(158,2),(158,3),(158,10),(158,12),(158,21),(159,7),(159,18),(160,4),(160,9),(160,10),(161,7),(161,18),(162,2),(162,3),(162,12),(162,13),(163,3),(163,10),(163,12),(164,9),(164,10),(165,2),(165,3),(166,3),(166,15),(167,2),(167,3),(167,21),(168,7),(168,18),(169,26),(170,3),(170,9),(170,10),(170,13),(171,3),(171,9),(171,10),(171,13),(172,12),(172,15),(172,16),(173,18),(174,2),(174,3),(175,3),(175,9),(175,10),(177,3),(177,4),(177,9),(177,10),(178,12),(178,15),(178,16),(179,12),(179,13),(180,11),(181,2),(181,3),(181,12),(181,26),(182,2),(182,3),(182,4),(182,10),(183,2),(183,3),(183,10),(183,12),(183,15);
/*!40000 ALTER TABLE `game_genre` ENABLE KEYS */;
UNLOCK TABLES;

--
-- Table structure for table `game_platform`
--

DROP TABLE IF EXISTS `game_platform`;
/*!40101 SET @saved_cs_client     = @@character_set_client */;
/*!40101 SET character_set_client = utf8 */;
CREATE TABLE `game_platform` (
  `game_id` int(11) NOT NULL,
  `platform_id` int(11) NOT NULL,
  PRIMARY KEY (`game_id`,`platform_id`)
) ENGINE=InnoDB DEFAULT CHARSET=utf8mb4 COLLATE=utf8mb4_unicode_ci;
/*!40101 SET character_set_client = @saved_cs_client */;

--
-- Dumping data for table `game_platform`
--

LOCK TABLES `game_platform` WRITE;
/*!40000 ALTER TABLE `game_platform` DISABLE KEYS */;
INSERT INTO `game_platform` VALUES (1,2),(1,3),(1,4),(1,5),(1,6),(1,7),(1,8),(1,9),(1,12),(2,5),(2,6),(2,8),(3,2),(3,3),(3,8),(3,10),(4,2),(4,3),(4,5),(4,6),(4,8),(4,11),(5,2),(5,3),(5,5),(5,6),(5,8),(5,9),(6,5),(6,6),(6,8),(7,5),(7,6),(7,8),(7,10),(8,2),(8,3),(8,4),(8,5),(8,6),(8,8),(8,13),(9,5),(9,6),(9,7),(9,8),(10,2),(10,3),(10,5),(10,6),(10,8),(10,9),(11,5),(11,6),(11,8),(11,11),(12,2),(12,3),(12,8),(13,2),(13,3),(13,8),(14,5),(14,6),(14,8),(14,14),(15,2),(15,3),(15,5),(15,6),(15,8),(15,9),(15,15),(16,2),(16,3),(16,5),(16,6),(16,8),(16,9),(16,11),(17,5),(17,6),(17,8),(17,9),(18,5),(18,6),(18,8),(18,9),(18,11),(18,14),(19,5),(19,6),(19,8),(20,5),(20,6),(20,8),(20,9),(20,11),(20,14),(21,5),(21,6),(21,8),(22,5),(22,6),(22,8),(23,5),(23,6),(23,8),(24,5),(24,6),(24,8),(25,7),(25,8),(25,9),(25,12),(26,5),(26,6),(26,8),(27,8),(28,5),(28,6),(28,8),(29,2),(29,3),(29,5),(29,6),(29,8),(29,11),(30,4),(30,5),(30,6),(30,7),(30,8),(30,16),(31,5),(31,6),(31,8),(32,2),(32,4),(32,7),(32,8),(32,9),(32,14),(33,5),(33,6),(33,8),(33,9),(33,11),(34,5),(34,6),(34,8),(34,9),(35,2),(35,3),(35,5),(35,6),(35,8),(36,5),(36,6),(36,8),(36,9),(37,2),(37,3),(37,5),(37,6),(37,8),(38,5),(38,6),(38,8),(38,9),(38,16),(39,5),(39,6),(39,8),(40,8),(40,9),(40,12),(41,5),(41,6),(41,8),(42,3),(42,5),(42,6),(42,8),(43,2),(43,3),(43,8),(44,5),(44,6),(44,8),(45,2),(45,3),(45,5),(45,6),(45,8),(46,4),(46,5),(46,6),(46,7),(46,8),(46,16),(46,17),(46,18),(46,19),(46,20),(47,4),(47,5),(47,6),(47,7),(47,8),(47,16),(47,17),(47,18),(47,19),(48,4),(48,5),(48,6),(48,7),(48,8),(48,9),(48,10),(48,14),(48,16),(48,17),(48,18),(48,20),(48,21),(49,2),(49,3),(49,4),(49,5),(49,6),(49,7),(49,8),(49,10),(49,14),(49,16),(49,17),(49,18),(49,22),(50,2),(50,3),(50,4),(50,5),(50,6),(50,7),(50,8),(50,10),(50,14),(50,16),(50,17),(50,18),(50,22),(51,8),(52,3),(52,6),(52,8),(53,5),(53,6),(53,8),(54,4),(54,5),(54,6),(54,7),(54,8),(54,9),(54,18),(54,22),(54,23),(55,2),(55,4),(55,5),(55,6),(55,7),(55,8),(55,9),(55,18),(55,23),(56,5),(56,6),(56,8),(57,8),(58,6),(58,8),(58,18),(58,24),(58,25),(59,5),(59,6),(59,8),(59,9),(59,16),(59,18),(59,19),(59,24),(60,5),(60,6),(60,8),(60,9),(60,16),(60,17),(60,18),(60,19),(61,5),(61,6),(61,8),(61,16),(61,19),(62,4),(62,7),(62,8),(62,9),(62,12),(63,5),(63,6),(63,8),(64,6),(64,8),(65,6),(65,8),(65,18),(66,5),(66,6),(66,8),(67,5),(67,6),(67,8),(68,2),(68,3),(68,5),(68,6),(68,8),(68,26),(69,2),(69,3),(69,4),(69,5),(69,6),(69,7),(69,8),(69,9),(69,12),(70,5),(70,6),(70,8),(70,9),(71,5),(71,6),(71,8),(72,5),(72,6),(72,8),(73,5),(73,6),(73,8),(73,11),(74,5),(74,6),(74,8),(74,9),(75,8),(76,5),(76,6),(76,8),(77,8),(78,4),(78,5),(78,6),(78,7),(78,8),(78,10),(78,11),(78,16),(78,18),(79,2),(79,3),(79,4),(79,5),(79,6),(79,7),(79,8),(80,5),(80,6),(80,8),(80,9),(80,16),(80,17),(80,18),(80,19),(80,24),(80,25),(80,27),(80,28),(81,4),(81,5),(81,6),(81,8),(81,9),(81,18),(81,19),(81,25),(81,29),(82,4),(82,5),(82,6),(82,7),(82,8),(82,10),(82,11),(83,2),(83,3),(83,8),(83,9),(83,12),(83,26),(84,5),(84,6),(84,8),(84,16),(84,17),(84,18),(85,5),(85,6),(85,8),(85,10),(85,14),(85,16),(85,18),(86,4),(86,5),(86,6),(86,8),(86,9),(86,12),(87,5),(87,6),(87,8),(87,9),(87,12),(88,5),(88,6),(88,8),(88,9),(89,2),(89,3),(89,5),(89,6),(89,8),(90,2),(90,3),(90,4),(90,5),(90,7),(90,8),(90,10),(90,11),(90,14),(91,2),(91,3),(91,4),(91,8),(92,5),(92,6),(92,8),(93,2),(93,3),(93,5),(93,6),(93,8),(94,2),(94,3),(94,5),(94,6),(94,8),(94,10),(94,26),(95,5),(95,8),(95,18),(95,25),(95,30),(95,31),(96,2),(96,3),(96,5),(96,6),(96,8),(96,32),(97,5),(97,6),(97,8),(97,9),(98,5),(98,6),(98,8),(99,5),(99,6),(99,8),(99,12),(100,5),(100,6),(100,8),(100,9),(100,12),(101,2),(101,3),(101,5),(101,6),(101,8),(102,6),(102,8),(103,2),(103,3),(103,5),(103,6),(103,8),(103,26),(104,4),(104,6),(104,7),(104,8),(104,9),(104,15),(104,22),(104,33),(105,2),(105,3),(105,4),(105,5),(105,6),(105,7),(105,8),(105,9),(105,10),(106,5),(106,6),(106,8),(106,16),(106,17),(106,18),(107,5),(107,6),(107,8),(107,9),(107,12),(108,5),(108,6),(108,7),(108,8),(108,34),(109,8),(109,9),(110,7),(110,8),(110,9),(110,22),(111,8),(111,9),(112,4),(112,5),(112,6),(112,7),(112,8),(112,9),(112,14),(112,16),(112,19),(112,22),(112,33),(112,34),(113,2),(113,3),(113,8),(113,9),(114,2),(114,3),(114,4),(114,5),(114,6),(114,7),(114,8),(114,9),(115,2),(115,3),(115,4),(115,5),(115,6),(115,7),(115,8),(115,9),(115,10),(115,12),(115,15),(116,2),(116,3),(116,4),(116,5),(116,7),(116,8),(116,9),(116,10),(116,15),(117,6),(117,8),(117,9),(117,12),(118,2),(118,3),(118,4),(118,5),(118,6),(118,7),(118,8),(118,9),(118,10),(119,4),(119,5),(119,6),(119,7),(119,8),(119,16),(120,2),(120,3),(120,5),(120,6),(120,8),(120,9),(120,12),(120,32),(120,35),(121,8),(121,9),(121,12),(123,5),(123,6),(123,8),(123,10),(123,16),(124,2),(124,3),(124,5),(124,6),(124,8),(124,11),(125,8),(125,18),(125,36),(126,6),(126,8),(127,8),(127,9),(127,12),(128,8),(129,2),(129,4),(129,6),(129,7),(129,8),(129,9),(129,12),(129,18),(130,2),(130,3),(130,8),(130,9),(131,8),(132,8),(132,9),(132,18),(132,36),(133,2),(133,3),(133,4),(133,5),(133,6),(133,7),(133,8),(133,26),(134,2),(134,3),(134,4),(134,5),(134,6),(134,7),(134,8),(134,16),(134,18),(134,25),(134,27),(135,3),(135,6),(135,8),(136,2),(136,3),(136,5),(136,6),(136,8),(137,2),(137,3),(137,5),(137,6),(137,8),(138,2),(138,3),(138,5),(138,6),(138,8),(139,2),(139,3),(139,8),(139,9),(139,12),(140,2),(140,3),(140,8),(141,5),(141,6),(141,8),(141,16),(142,2),(142,3),(142,4),(142,7),(142,8),(143,2),(143,3),(143,8),(143,26),(144,2),(144,3),(144,8),(145,2),(145,3),(145,5),(145,6),(145,8),(146,2),(146,3),(146,4),(146,5),(146,6),(146,7),(146,8),(146,9),(147,2),(147,3),(147,4),(147,5),(147,6),(147,7),(147,8),(147,9),(147,10),(147,11),(147,26),(147,37),(148,2),(148,3),(148,4),(148,7),(148,8),(149,2),(149,3),(149,5),(149,6),(149,8),(150,8),(150,14),(150,16),(151,2),(151,3),(151,8),(152,2),(152,3),(152,4),(152,7),(152,8),(152,9),(153,2),(153,3),(153,8),(154,2),(154,3),(154,8),(155,2),(155,3),(155,8),(155,9),(155,12),(156,2),(156,3),(156,4),(156,7),(156,8),(156,30),(157,2),(157,3),(157,8),(157,12),(158,5),(158,6),(158,8),(159,2),(159,3),(159,4),(159,7),(159,8),(160,5),(160,6),(160,8),(160,9),(160,12),(161,2),(161,3),(161,4),(161,7),(161,8),(161,26),(162,8),(162,9),(163,5),(163,6),(163,8),(164,5),(164,6),(164,8),(165,5),(165,6),(165,8),(166,2),(166,3),(166,5),(166,6),(166,8),(167,2),(167,4),(167,5),(167,6),(167,7),(167,8),(167,16),(167,18),(168,2),(168,3),(168,5),(168,6),(168,8),(168,26),(169,2),(169,4),(169,5),(169,6),(169,8),(169,10),(169,11),(170,5),(170,6),(170,8),(170,9),(170,32),(171,2),(171,3),(171,5),(171,6),(171,8),(172,2),(172,3),(172,5),(172,6),(172,8),(173,2),(173,3),(173,8),(173,26),(174,8),(174,18),(174,36),(175,5),(175,6),(175,8),(177,5),(177,6),(177,8),(178,2),(178,3),(178,8),(179,2),(179,3),(179,8),(179,26),(180,8),(180,9),(180,12),(181,2),(181,3),(181,5),(181,6),(181,8),(181,9),(182,2),(182,3),(182,5),(182,6),(182,8),(183,5),(183,6),(183,8);
/*!40000 ALTER TABLE `game_platform` ENABLE KEYS */;
UNLOCK TABLES;

--
-- Table structure for table `game_publisher`
--

DROP TABLE IF EXISTS `game_publisher`;
/*!40101 SET @saved_cs_client     = @@character_set_client */;
/*!40101 SET character_set_client = utf8 */;
CREATE TABLE `game_publisher` (
  `game_id` int(11) NOT NULL,
  `publisher_id` int(11) NOT NULL,
  PRIMARY KEY (`game_id`,`publisher_id`)
) ENGINE=InnoDB DEFAULT CHARSET=utf8mb4 COLLATE=utf8mb4_unicode_ci;
/*!40101 SET character_set_client = @saved_cs_client */;

--
-- Dumping data for table `game_publisher`
--

LOCK TABLES `game_publisher` WRITE;
/*!40000 ALTER TABLE `game_publisher` DISABLE KEYS */;
INSERT INTO `game_publisher` VALUES (1,4),(1,5),(2,2),(3,3),(4,3),(5,3),(6,3),(7,3),(8,3),(9,3),(10,3),(11,3),(12,3),(13,3),(14,6),(15,7),(15,8),(15,9),(16,7),(16,8),(16,9),(17,10),(18,11),(19,11),(20,11),(21,11),(22,11),(23,11),(24,3),(25,12),(26,13),(27,13),(28,13),(29,14),(30,13),(31,13),(32,1),(33,1),(34,15),(35,16),(36,17),(37,17),(38,3),(39,3),(40,18),(41,16),(42,16),(43,16),(44,3),(45,3),(46,13),(47,13),(48,13),(49,13),(50,13),(51,13),(52,19),(53,20),(54,20),(55,20),(56,20),(57,21),(58,13),(59,13),(60,13),(61,13),(62,1),(63,16),(64,22),(65,23),(66,23),(66,24),(67,23),(68,20),(69,25),(70,12),(71,17),(72,17),(73,17),(74,20),(75,13),(76,13),(77,19),(78,12),(79,12),(80,13),(81,13),(82,13),(83,26),(84,27),(85,27),(86,28),(87,28),(88,3),(89,11),(90,29),(91,29),(92,14),(93,14),(94,30),(95,30),(96,30),(97,31),(98,15),(99,14),(100,13),(101,32),(102,32),(103,16),(104,3),(105,33),(106,13),(107,15),(108,13),(109,13),(110,13),(111,13),(112,13),(113,13),(114,33),(115,33),(116,33),(117,35),(118,33),(119,3),(120,25),(121,37),(123,37),(124,3),(125,15),(126,38),(127,39),(128,40),(129,31),(130,32),(131,44),(132,23),(133,33),(134,30),(134,41),(135,34),(136,3),(137,13),(138,20),(139,7),(140,17),(141,13),(142,7),(143,30),(144,42),(145,43),(146,33),(147,33),(148,33),(149,12),(150,36),(151,16),(152,33),(153,3),(154,32),(155,23),(156,45),(157,9),(158,13),(159,27),(160,12),(161,12),(162,35),(163,46),(163,47),(164,11),(165,3),(166,30),(167,20),(168,13),(169,7),(170,12),(171,12),(172,16),(173,42),(174,12),(175,48),(177,13),(178,16),(179,35),(180,37),(181,25),(182,27),(183,13);
/*!40000 ALTER TABLE `game_publisher` ENABLE KEYS */;
UNLOCK TABLES;

--
-- Table structure for table `games`
--

DROP TABLE IF EXISTS `games`;
/*!40101 SET @saved_cs_client     = @@character_set_client */;
/*!40101 SET character_set_client = utf8 */;
CREATE TABLE `games` (
  `id` bigint(20) unsigned NOT NULL AUTO_INCREMENT,
  `name` varchar(191) COLLATE utf8mb4_unicode_ci NOT NULL,
  `released_date` date DEFAULT NULL,
  `rate` double(8,2) DEFAULT NULL,
  `checked` tinyint(1) NOT NULL DEFAULT 0,
  `description` text COLLATE utf8mb4_unicode_ci DEFAULT NULL,
  `cover_pic` varchar(191) COLLATE utf8mb4_unicode_ci NOT NULL DEFAULT 'uploads/default.png',
  `created_at` timestamp NULL DEFAULT NULL,
  `updated_at` timestamp NULL DEFAULT NULL,
  PRIMARY KEY (`id`)
) ENGINE=InnoDB AUTO_INCREMENT=184 DEFAULT CHARSET=utf8mb4 COLLATE=utf8mb4_unicode_ci;
/*!40101 SET character_set_client = @saved_cs_client */;

--
-- Dumping data for table `games`
--

LOCK TABLES `games` WRITE;
/*!40000 ALTER TABLE `games` DISABLE KEYS */;
INSERT INTO `games` VALUES (1,'Agatha Christie: The ABC Murders','2016-02-04',3.50,1,'Agatha Christie: The ABC Murders is a point-and-click adventure mystery video game developed by Artefacts Studio and published by Microïds for Microsoft Windows, Linux, Mac OS X, PlayStation 4 and Xbox One in February 2016.','uploads/OjDSCNlkqU9YiFmKKtFhYhif6dWnRSGqyTP9M4bY.jpeg','2019-07-05 23:46:44','2019-10-27 15:30:34'),(2,'Alice : Madness Returns','2011-06-14',3.50,0,'Alice: Madness Returns is a psychological horror action-adventure platform video game developed by Chinese studio Spicy Horse and released by Electronic Arts for Microsoft Windows, PlayStation 3 and Xbox 360. It is the sequel American McGee\'s Alice.','uploads/8P7JUAC8qfN9rcamcRH3NiRMyJZM1f2lXVeFSAKq.png','2019-07-05 23:46:44','2019-08-16 06:43:03'),(3,'Assassin\'s Creed Chronicles China','2015-04-21',3.00,0,'Assassin`s Creed Chronicles is a series of video games in the Assassin`s Creed franchise. The series consists of three games developed by Climax Studios, to be published by Ubisoft.','uploads/tiZNZFXSl9z33IyVfsEqfKF5eDxNRnIayhjrXhXQ.jpeg','2019-07-05 23:46:44','2019-10-27 15:31:11'),(4,'Assassin\'s Creed IV: Black Flag','2013-10-29',4.00,1,'Assassin\'s Creed IV: Black Flag is an action-adventure video game developed by Ubisoft Montreal and published by Ubisoft. It is the sixth major installment in the Assassin\'s Creed series.','uploads/ilBtWNBIiooF40FocIorGdouZewJhIS0PJL1bfzM.jpeg','2019-07-05 23:46:44','2019-08-16 03:30:22'),(5,'Assassin\'s Creed : Brotherhood','2010-11-16',4.50,1,'Assassin`s Creed: Brotherhood is a 2010 historical fiction action-adventure open world stealth video game developed by Ubisoft Montreal and published by Ubisoft.','uploads/U6WMM1S2ysSPk61WO8iHngtffskeLrjlXhAtb8q1.jpeg','2019-07-05 23:46:44','2019-10-26 15:17:13'),(6,'Assassin\'s Creed : Freedom Cry','2013-12-17',3.50,1,NULL,'uploads/NGZBGucHDXqIyPvX3yr9GGDL8oaIeruQCt5wDHHn.jpeg','2019-07-05 23:46:44','2019-10-26 15:17:18'),(7,'Assassin\'s Creed III: Liberation','2012-10-30',3.50,1,'Assassin`s Creed III: Liberation is a historical action-adventure open world stealth video game developed and published by Ubisoft, initially as an exclusive title for PlayStation Vita.','uploads/y5rHwAe1H9v41mVW2M974GZcyke2hs8JWFZ9yM8O.jpeg','2019-07-05 23:46:44','2019-10-26 15:17:21'),(8,'Assassin\'s Creed : Revelations','2011-11-15',4.00,1,'Assassin`s Creed: Revelations is a 2011 historical fiction action-adventure open world stealth video game developed by Ubisoft Montreal and published by Ubisoft','uploads/AtDhfbOjVS5ZYkBoO3AQtx4cxMJsFfJ2WlF2N0Sn.jpeg','2019-07-05 23:46:44','2019-10-26 15:17:24'),(9,'Assassin\'s Creed','2007-11-13',4.00,1,'Assassin\'s Creed is an action-adventure video game developed by Ubisoft Montreal and published by Ubisoft. It is the first installment in the Assassin\'s Creed series.','uploads/ZGwmUTRUsXj5nfrFmdJi6oIfyouYw5Fg9AlnWPpI.png','2019-07-05 23:46:44','2019-10-26 15:17:27'),(10,'Assassin\'s Creed 2','2009-11-17',4.50,1,'Assassin`s Creed II is a 2009 historical fiction action-adventure open world stealth video game developed by Ubisoft Montreal and published by Ubisoft','uploads/tYVWEKtPs4QnrGs0aYCPePUb5wPGWnqamkoYiCKo.jpeg','2019-07-05 23:46:44','2019-10-26 15:17:29'),(11,'Assassin\'s Creed III','2012-10-30',4.00,1,'Assassin\'s Creed III is a 2012 action-adventure video game developed by Ubisoft Montreal and published by Ubisoft for PlayStation 3, Xbox 360, Wii U, and Microsoft Windows.','uploads/8KGkUXeo4QGdsXNLPoWZhCYf5fZuEsyoKePhl8P3.jpeg','2019-07-05 23:46:44','2019-10-26 15:17:31'),(12,'Assassin\'s Creed Syndicate','2015-10-23',4.00,1,'Assassin\'s Creed Syndicate is an action-adventure video game developed by Ubisoft Quebec and published by Ubisoft. It was released on October 23, 2015, for PlayStation 4 and Xbox One, and on November 19, 2015, for Microsoft Windows.','uploads/nc7RLSKfrfBlUuxY1EUDxfMUQGsZJZC7fVZp6bBr.jpeg','2019-07-05 23:46:44','2019-10-26 15:17:34'),(13,'Assassin\'s Creed Unity','2014-11-11',3.50,1,'Assassin\'s Creed Unity is an action-adventure video game developed by Ubisoft Montreal and published by Ubisoft. It was released in November 2014 for Microsoft Windows, PlayStation 4 and Xbox One.','uploads/OXpsrwd3oTocTSwOU13F6KIneJYCGPuwbA6uyzoK.jpeg','2019-07-05 23:46:44','2019-10-26 15:17:38'),(14,'Ace Combat: Assault Horizon','2011-10-11',4.00,1,'Ace Combat: Assault Horizon is an installment of the Ace Combat arcade combat flight video game series. It was developed by Project Aces and published by Namco Bandai Games for the PlayStation 3 and Xbox 360 platforms in October 2011.','uploads/LZS0hJbECrpUu8IzT9LqMUwcPkiKgS5rnStEfU7Q.jpeg','2019-07-05 23:46:44','2019-08-16 04:05:28'),(15,'Batman: Arkham Asylum','2009-08-25',4.50,1,'Batman: Arkham Asylum is a 2009 action-adventure video game developed by Rocksteady Studios and published by Eidos Interactive in conjunction with Warner Bros. Interactive Entertainment.','uploads/gJip9uw8NR5YdU3wP7Wi8ZvrayjswBfHYPaRe22D.jpeg','2019-07-05 23:46:44','2019-10-26 15:17:44'),(16,'Batman : Arkham City','2011-10-18',5.00,1,'Batman: Arkham City is a 2011 action-adventure video game developed by Rocksteady Studios and published by Warner Bros. Interactive Entertainment.','uploads/DGCZoQTrmF8qOgDXRLbrmjL6wBLvnGTezyvWABD8.jpeg','2019-07-05 23:46:44','2019-10-26 15:17:47'),(17,'Bioshock 2','2010-02-09',4.50,1,'BioShock 2 is a first-person shooter video game developed by 2K Marin and published by 2K Games. A part of the Bioshock series, it is the sequel to the 2007 video game BioShock and was released worldwide.','uploads/YCK43VazGQBT5EpB5rA2LBuFEorYp8kzt9NTLi1Z.jpeg','2019-07-05 23:46:44','2019-10-26 15:17:50'),(18,'Call of Duty: Black Ops','2010-11-09',4.00,1,'Call of Duty: Black Ops is a first-person shooter video game, developed by Treyarch and published by Activision.','uploads/PcI1bMkqqm2kVUaRLeUaq6bBebmIHb12Tic2CloV.jpeg','2019-07-05 23:46:44','2019-10-26 15:17:54'),(19,'Call of Duty: Black Ops II','2012-11-12',3.50,1,'Call of Duty: Black Ops II is a first-person shooter developed by Treyarch and published by Activision.','uploads/rozqUmny9bUyIyqmRUpjAl2b6qSe8fOp1axwMoa0.jpeg','2019-07-05 23:46:44','2019-10-26 15:17:57'),(20,'Call of Duty 4: Modern Warfare','2007-11-05',4.50,1,'Call of Duty 4: Modern Warfare is a first-person shooter video game developed by Infinity Ward and published by Activision.','uploads/k3xuLqlwBLKWSUQ4tLy8atrs3SyTSjeyWqOEdaUR.jpeg','2019-07-05 23:46:44','2019-10-26 15:17:59'),(21,'Call of Duty: Modern Warfare 2','2009-11-10',4.50,1,'Call of Duty: Modern Warfare 2 is a first-person shooter video game developed by Infinity Ward and published by Activision. It was released worldwide on November 10, 2009 for Microsoft Windows, the PlayStation 3, and Xbox 360.','uploads/9qOYQ0My2KGBqN3kyOv3bUZr2DCuZRtiHMHXewE4.jpeg','2019-07-05 23:46:44','2019-10-26 15:18:04'),(22,'Call of Duty: Modern Warfare 3','2011-11-08',4.00,1,'Call of Duty: Modern Warfare 3 is a first-person shooter video game, developed by Infinity Ward and Sledgehammer Games, with assistance from Raven Software, and published by Activision.','uploads/ACjAAsYbO1ODnsshrvqvFmjzZNVPWYSy5UezbPvM.jpeg','2019-07-05 23:46:44','2019-10-26 15:18:06'),(23,'Call of Duty: World at War','2008-11-11',4.00,1,'Call of Duty: World at War is a first-person shooter video game developed by Treyarch and published by Activision. It was released for Microsoft Windows, the PlayStation 3, Xbox 360, and Wii in November 2008.','uploads/eu8IKHkc6feFobvQDdhsyq31N2Wepb3YTPGIZM0a.jpeg','2019-07-05 23:46:44','2019-10-26 15:18:09'),(24,'Call of Juarez: Bound in Blood','2009-06-30',4.00,1,'Call of Juarez: Bound in Blood is a 2009 first-person shooter Western video game developed by Techland and published by Ubisoft for PlayStation 3, Xbox 360 and Microsoft Windows.','uploads/PI8YONjkU5GRBeiX9qRHk3VU3KkE3C4WxSu3Fb2l.jpeg','2019-07-05 23:46:44','2019-10-26 15:18:14'),(25,'Civilization VI','2016-10-21',4.50,1,'Sid Meier\'s Civilization VI is a turn-based strategy 4X video game developed by Firaxis Games, published by 2K Games, and distributed by Take-Two Interactive.','uploads/cbvcYfDdVZp62UiDNil4bAAKyRmCQBlFngXJpw5Z.jpeg','2019-07-05 23:46:44','2019-10-26 15:18:18'),(26,'Command &amp; Conquer: Red Alert 3: Uprising','2009-03-12',3.00,0,'Command &amp; Conquer: Red Alert 3 – Uprising is a 2009 real-time strategy video game developed by EA Los Angeles and published by Electronic Arts.','uploads/hM85YnKY2L2Li3IUJAxnxyrlhuIcVuf0jdv8RNab.jpeg','2019-07-05 23:46:44','2019-08-16 04:55:43'),(27,'Crysis Warhead','2008-09-16',4.00,1,'Crysis Warhead is a first-person shooter video game developed by the studio Crytek Budapest in Hungary and published by Electronic Arts. Crysis Warhead is a stand-alone expansion game and does not require the installation of Crysis to play.','uploads/ZCm4ofm20OurI2OoQsSMC1d7DDYC2jXk0EEesq9s.jpeg','2019-07-05 23:46:44','2019-10-26 15:18:25'),(28,'Crysis 2','2011-03-22',4.50,1,'Crysis 2 is a first-person shooter video game developed by Crytek, published by Electronic Arts and released in North America, Australia and Europe in March 2011 for Microsoft Windows, PlayStation 3, and Xbox 360.','uploads/Y4A4sc9ydtbLyRcsNDghjQ6GMQFSA3dovFQUy3GM.jpeg','2019-07-05 23:46:44','2019-10-26 15:18:27'),(29,'Darksiders II','2012-08-14',4.00,0,'Darksiders II is an action role-playing hack and slash video game developed by Vigil Games and published by THQ.','uploads/6Uv42xoYm07SuE4kdsiiXqszfmGap4Q8Og6Yh1Ib.jpeg','2019-07-05 23:46:44','2019-08-16 04:56:42'),(30,'Dead Space','2008-10-13',4.50,1,'Dead Space is a horror media franchise created by Glen Schofield, developed by Visceral Games and published by Electronic Arts. The franchise centers on a series of video games, and includes two films and a comic book series.','uploads/p67uqt73ABIuRCbA7Ht5SqSjskoubo9wlyZ6fHRx.jpeg','2019-07-05 23:46:44','2019-10-26 15:18:34'),(31,'Dead Space 2','2011-01-25',4.50,0,'Dead Space 2 is a survival horror video game developed by Visceral Games and published by Electronic Arts for Microsoft Windows, PlayStation 3 and Xbox 360, released in January 2011.','uploads/xQuVhD44girlYlfFOV0ysEyHp0ja3hEFNafcdaCz.jpeg','2019-07-05 23:46:44','2019-08-16 04:57:11'),(32,'Dead Synchronicity','2015-04-10',3.00,0,'Dead Synchronicity is an episodic point-and-click adventure game set in a post-apocalyptic future. The game was part funded through the Kickstarter crowdfunding website, and the first episode was released in April 2015.','uploads/x1m1hBvSXrwI2ditOPLOeuYwI3M8Z8wTeYpI3lnS.jpeg','2019-07-05 23:46:44','2019-10-27 15:30:24'),(33,'Deus Ex: Human Revolution','2011-08-23',4.50,1,'Deus Ex: Human Revolution is an action role-playing video game developed by Eidos Montréal and published worldwide by Square Enix in August 2011 for Microsoft Windows, PlayStation 3 and Xbox 360: a version for OS X released the following year.','uploads/QLbxKGNa5AG50xjiFvnw4yJmDE2Tq5TmcdunPY15.jpeg','2019-07-05 23:46:44','2019-10-26 15:18:44'),(34,'Dirt 3','2011-05-24',4.50,0,'Dirt 3 is a racing video game developed and published by Codemasters for Microsoft Windows, PlayStation 3 and Xbox 360. It is the eighth game in the Colin McRae Rally series.','uploads/2it2sFWYvzajwllUce3jDPgHbtW8I7dMFqfSTILC.jpeg','2019-07-05 23:46:44','2019-08-16 04:58:06'),(35,'Dishonored','2012-10-09',4.50,1,'Dishonored is a 2012 stealth action-adventure video game developed by Arkane Studios and published by Bethesda Softworks.','uploads/2pFZ2o979djSwfD2HUJ8TA03FnyvCmxaY9DRvPC8.jpeg','2019-07-05 23:46:44','2019-10-26 15:18:49'),(36,'Dragon Age II','2011-03-08',4.00,1,'Dragon Age II is an action role-playing video game developed by BioWare and published by Electronic Arts for Microsoft Windows, PlayStation 3, Xbox 360 and OS X.','uploads/DlrRy8mUXwWBbDUFytcP8YcX5ohD6hdAMPjGzycf.jpeg','2019-07-05 23:46:44','2019-10-26 15:18:52'),(37,'Dragon Age: Inquisition','2014-11-18',4.00,0,'Dragon Age: Inquisition is an action role-playing video game developed by BioWare Edmonton and published by Electronic Arts.','uploads/cs5IZm9FQ7AZJbi2Jvn7zECzBhaUxy7DTC7iFRIG.jpeg','2019-07-05 23:46:44','2019-08-16 04:59:08'),(38,'Driver: San Francisco','2011-09-01',4.00,1,'Driver: San Francisco is an action-adventure racing video game developed by Ubisoft Reflections and published by Ubisoft.','uploads/TwJBhNaTXo6hHFm4a5cIIiH9bi2uQE1HLChawf9e.jpeg','2019-07-05 23:46:44','2019-10-26 15:18:59'),(39,'Tom Clancy\'s EndWar','2008-11-04',3.50,0,'Tom Clancy\'s EndWar is a real-time tactics game designed by Ubisoft Shanghai for the PlayStation 3, Xbox 360 and Windows platforms.','uploads/yxXuNTiPUUuaAPqcQ57ovRmaXVHVWW0Oav879yzC.jpeg','2019-07-05 23:46:44','2019-08-16 05:00:12'),(40,'Euro Truck Simulator 2','2012-10-19',4.00,1,'Euro Truck Simulator 2 is a vehicle simulation game developed and published by SCS Software for Microsoft Windows, Linux and OS X and was initially released as open development on 19 October 2012.','uploads/07U9XCGHMoxLPgzPZi0lP9RZ5FGjHvSZQ89Q3B9P.jpeg','2019-07-05 23:46:44','2019-10-26 15:19:05'),(41,'Fallout: New Vegas','2010-10-19',4.00,1,'Fallout: New Vegas is a post-apocalyptic action role-playing video game, the fourth major installment in the Fallout video game series. The game was developed by Obsidian Entertainment and published by Bethesda Softworks.','uploads/djPDUqgTmHaxB8diuooeYmSi08tCi57BatabeB2h.jpeg','2019-07-05 23:46:44','2019-10-26 15:19:07'),(42,'Fallout 3','2008-10-28',4.50,1,'Fallout 3 is a post-apocalyptic action role-playing open world video game developed by Bethesda Game Studios and published by Bethesda Softworks.','uploads/fQkgS6DjMkLZbymljcBcly05oxwligEYUm59eVdP.jpeg','2019-07-05 23:46:44','2019-10-26 15:19:09'),(43,'Fallout 4','2015-11-15',4.00,1,'Fallout 4 is a post-apocalyptic action role-playing video game developed by Bethesda Game Studios and published by Bethesda Softworks.','uploads/SpSqoDjiG8fP8yXdeElvBGmuhj8HzGqbgFKD8gXh.jpeg','2019-07-05 23:46:44','2019-10-26 15:19:10'),(44,'Farcry 2','2008-10-21',4.00,0,'Far Cry 2 is an open world first-person shooter developed by Ubisoft Montreal and published by Ubisoft. It was released worldwide for Microsoft Windows, PlayStation 3, and Xbox 360 in October 2008.','uploads/AcTKLAJ6vsPt32jsKRHyFpH3bW27LdGuYsGDg90P.jpeg','2019-07-05 23:46:44','2019-08-16 05:01:28'),(45,'Far Cry 3','2012-11-29',4.50,1,'Far Cry 3 is an open world action-adventure first-person shooter video game developed by Ubisoft Montreal and published by Ubisoft for Microsoft Windows, Xbox 360, and PlayStation 3.','uploads/GN9lrktoYqoCRLdYVwh4hR2CBdKIUPqlLG43tKfm.jpeg','2019-07-05 23:46:44','2019-10-26 15:19:16'),(46,'FIFA 10','2009-09-28',3.50,1,'FIFA 10 is the 17th title in EA Sports\' FIFA series of football video games. Developed by EA Canada, it was published by Electronic Arts worldwide under the EA Sports label.','uploads/Y3uzYqMoPkab6T6pzzy4sHCgfdkBjfMswoK3m3Ef.jpeg','2019-07-05 23:46:44','2019-10-26 15:19:20'),(47,'FIFA 11','2010-09-28',4.00,1,'FIFA 11, also known in North America as FIFA Soccer 11, is the 18th title in Electronic Arts\' FIFA series of football video games. Developed by EA Canada, it was published by Electronic Arts worldwide under the EA Sports label.','uploads/2Ydq7KvgAoLmnwkEibRt9ahgQQqfRVS4J1RxL4wx.jpeg','2019-07-05 23:46:44','2019-10-26 15:19:22'),(48,'FIFA 12','2011-09-27',4.50,1,'FIFA 12 is the 19th game in Electronic Arts\' FIFA series of association football video games. It was developed by EA Canada, and published by Electronic Arts worldwide under the EA Sports label.','uploads/bDDoOWYmCNBfadf31XRVq8pobQ9YGcO3ZS6EGEml.jpeg','2019-07-05 23:46:44','2019-10-26 15:19:24'),(49,'FIFA 14','2013-09-09',4.50,1,'FIFA 14 is a 2013 sports association football simulation video game developed by EA Canada and published by EA Sports.','uploads/zZfWr0tfALR2Vo2KBYbpz2U7hbrwmKcjMN4yXaCu.jpeg','2019-07-05 23:46:44','2019-10-26 15:19:26'),(50,'FIFA 15','2014-09-23',4.00,1,'FIFA 15 is an association football simulation video game developed by EA Canada and published by Electronic Arts.','uploads/0AhK6WwsFYnFovCVSuXNxGAyfQ3FuCB9Ymta2QqE.jpeg','2019-07-05 23:46:44','2019-10-26 15:19:28'),(51,'FIFA Manager 12','2011-10-18',3.00,1,'FIFA Manager 12 features improvements to virtually all areas of the game, including major enhancements to the 3D mode, finances, transfers and the calendar. Changes to the 3D mode create a more realistic experience, and include new logic, new player artificial intelligence, and marked improvements to tactics, substitutions and the conduct of opposing managers. In addition, a new intuitive user interface makes it possible for players to retrieve all the data relevant to the game within seconds and to issue precise tactical instructions to their teams.','uploads/SjItUYaVbVwopeBj9wUhp56JO3yOQLlraQXvTIZY.jpeg','2019-07-05 23:46:44','2019-10-26 15:19:30'),(52,'Gears of War','2006-11-07',4.50,1,'Gears of War is a 2006 military science fiction third-person shooter video game, and the first installment of the Gears of War series.','uploads/9C3hxMTkslkzctnamrQ0AN1T2Ph4eNgSK0DT8udt.jpeg','2019-07-05 23:46:44','2019-10-26 15:19:40'),(53,'Grand Theft Auto: Episodes from Liberty City','2009-10-29',4.50,1,'Grand Theft Auto: Episodes from Liberty City is a standalone compilation of the episodes for the 2008 video game Grand Theft Auto IV.','uploads/7uJst1F6X6UEYk7HSn064PoLitg1VQZaHXeGcoL4.jpeg','2019-07-05 23:46:44','2019-10-26 15:19:42'),(54,'Grand Theft Auto: San Andreas','2004-10-26',4.50,0,'Grand Theft Auto: San Andreas is an action-adventure video game developed by Rockstar North and published by Rockstar Games. It was released on 26 October 2004 for PlayStation 2, and on 7 June 2005 for Microsoft Windows and Xbox.','uploads/PYIZFFBsVidBmmUf7OXIjDZ8Hhs7Zqg9bWu4NTr5.jpeg','2019-07-05 23:46:44','2019-08-16 05:04:50'),(55,'Grand Theft Auto: Vice City','2002-10-27',4.50,0,'Grand Theft Auto: Vice City is an action-adventure video game developed by Rockstar North and published by Rockstar Games.','uploads/3SUOZtU5iEQtymdpjp2edAu5jKFuAehsZo8IEfdn.jpeg','2019-07-05 23:46:44','2019-08-16 05:05:08'),(56,'Grand Theft Auto IV','2008-04-29',4.50,1,'Grand Theft Auto IV is an action-adventure video game developed by Rockstar North and published by Rockstar Games. It was released for the PlayStation 3 and Xbox 360 consoles on 29 April 2008, and for Microsoft Windows on 2 December 2008.','uploads/6Qw0OImftgYFxf1tcGbdHHMXi8p58yj0rjCrHPcJ.jpeg','2019-07-05 23:46:44','2019-10-26 15:19:49'),(57,'Hard Truck 2: King of the Road','2001-06-27',5.00,1,'Hard Truck 2: King of the Road is the European version of Hard Truck 2. It was released in various European countries by JoWooD Productions on June 7, 2002.','uploads/huVDulgeHEQMWkBmaeela1K5BPsddEbq2b2ycHsN.jpeg','2019-07-05 23:46:44','2019-10-26 15:19:52'),(58,'Harry Potter 3','2004-05-25',3.00,1,'Harry Potter and the Prisoner of Azkaban is an action-adventure platformer video game that was released concurrently with the film release of Harry Potter and the Prisoner of Azkaban. The game was based on the film of the same name and on J. K.','uploads/7lbfMeHlK7JQ8QmRnA3XncynAfsc3VQ6UHoyCskq.jpeg','2019-07-05 23:46:44','2019-10-26 15:19:53'),(59,'Harry Potter and the Order of the Phoenix','2007-06-25',3.00,1,'Harry Potter and the Order of the Phoenix is a video game that is based on the fifth installment of the Harry Potter series by J. K.','uploads/2HguJpLL6ElkHaFXBrDMKRRVh7tLSG58kqmaLkkK.jpeg','2019-07-05 23:46:44','2019-10-26 15:19:55'),(60,'Harry Potter and the Half-Blood Prince','2009-06-30',3.00,1,'Harry Potter and the Half-Blood Prince is a video game, developed by EA Bright Light Studio and published by Electronic Arts. The game was released on 30 June 2009 and is based on the film of the same name.','uploads/SEM69GquSWqxuWZNr2H78H194GbmvrTZByMCBFyA.jpeg','2019-07-05 23:46:44','2019-10-26 15:19:57'),(61,'Harry Potter and the Deathly Hallows: Part I','2010-11-16',2.00,1,'Harry Potter and the Deathly Hallows – Part 1 is the first part of a two-part action-adventure video game developed by EA Bright Light and published by Electronic Arts.','uploads/C0WwPEIv3CWMbAVbPz2TXN7ha5hYBFazbUoD1r9v.jpeg','2019-07-05 23:46:44','2019-10-26 15:20:05'),(62,'Her Story','2015-06-24',4.50,0,'Her Story is an interactive movie video game written and directed by Sam Barlow. It was released on 24 June 2015 for Microsoft Windows, Mac OS X and iOS, and the following year for Android.','uploads/2ZdoNdBChdaezi10vnd5aPzwPkWmfgpleAUmI02F.png','2019-07-05 23:46:44','2019-08-16 05:09:20'),(63,'Hunted: The Demon\'s Forge','2011-05-30',3.00,1,'Hunted: The Demon\'s Forge is an action game set in a dark fantasy world. The game was developed by inXile Entertainment and published by Bethesda Softworks for PlayStation 3, Xbox 360 and Microsoft Windows.','uploads/RVBNLHtu9HTJUCAJr65DGzkPHL9KzTNf5AmOWxnB.jpeg','2019-07-05 23:46:44','2019-10-26 15:20:08'),(64,'Infernal','2007-02-23',3.00,0,'Infernal is a third person action game for Microsoft Windows, produced by Polish developer Metropolis Software and published by Playlogic International in 2007.','uploads/wdMcsKPVgoSDMlq6fFFCKRkH5CLTrpcOI40wBf6f.png','2019-07-05 23:46:44','2019-08-16 05:11:00'),(65,'Just Cause','2006-04-23',4.00,0,'Just Cause is an action-adventure video game set in an open world environment. It is developed by Swedish developer Avalanche Studios and published by Eidos Interactive, and is the first game in the Just Cause series. It was released for Microsoft Windows, PlayStation 2, Xbox and Xbox 360.','uploads/TcANN1bUC2RQqEoHDLzyiwvs47S8idGg6I2tvQD9.jpeg','2019-07-05 23:46:44','2019-08-16 05:11:11'),(66,'Just Cause 2','2010-03-23',4.00,0,'Just Cause 2 is a 2010 open world action-adventure video game developed by Avalanche Studios, published by Eidos Interactive and distributed by Square Enix for Microsoft Windows, PlayStation 3 and Xbox 360','uploads/dSMDLOtVtfYMMtBelOuXfJsVSLqsyCXFI8VcGGCy.jpeg','2019-07-05 23:46:44','2019-08-16 05:11:27'),(67,'Kane &amp; Lynch','2007-11-13',3.50,0,'Kane &amp; Lynch: Dead Men is a 2007 third-person shooter video game developed by IO Interactive and published by Eidos Interactive in North America and PAL regions, and Spike in Japan, for Microsoft Windows, PlayStation 3 and Xbox 360.','uploads/En55kQEL7eMa6lkGDXDEfm1elzbMYh9GlNJQN7f1.jpeg','2019-07-05 23:46:44','2019-08-16 05:11:36'),(68,'L.A. Noire','2011-05-17',4.50,1,'L.A. Noire is a neo-noir detective action-adventure video game developed by Team Bondi and published by Rockstar Games.','uploads/ujco6sacaKKm4Tg7p8wIaQOof3QArdZApp1BiuBq.jpeg','2019-07-05 23:46:44','2019-10-26 15:20:16'),(69,'Life Is Strange','2015-01-29',4.00,1,'Life Is Strange is an episodic graphic adventure video game developed by Dontnod Entertainment and published by Square Enix for Microsoft Windows, PlayStation 3, PlayStation 4, Xbox 360, and Xbox One.','uploads/7VQ5arL5Jk6LcpfCLeXcdxZrZcHUnyqv1Huq8QiA.jpeg','2019-07-05 23:46:44','2019-10-26 15:20:18'),(70,'Mafia II','2010-08-23',4.00,1,'Mafia II is an open world action-adventure video game developed by 2K Czech and published by 2K Games.','uploads/lhjbSA6McOpBStwprOnTpxMNsU1G1jUfEWmYoScx.jpeg','2019-07-05 23:46:44','2019-10-26 15:20:21'),(71,'Mass Effect','2007-11-16',4.50,1,'Mass Effect is an action role-playing video game developed by BioWare and published by Microsoft Game Studios and Electronic Arts. Originally released for the Xbox 360 video game console in 2007, it is the first game of the Mass Effect series.','uploads/Ya1KADqWIjK2V77BJnWCEkV1HIWYS1idVC9lJktL.jpeg','2019-07-05 23:46:44','2019-10-26 15:20:26'),(72,'Mass Effect 2','2010-01-26',4.50,1,'Mass Effect 2 is an action role-playing video game developed by BioWare and published by Electronic Arts. It was released for Microsoft Windows and Xbox 360 in 2010, and for PlayStation 3 in 2011.','uploads/IVJigrSahc095SQWYp0yOtA3gafc8RYaP6nzBVXU.png','2019-07-05 23:46:44','2019-10-26 15:20:28'),(73,'Mass Effect 3','2012-03-06',4.50,1,'Mass Effect 3 is an action role-playing third person shooter video game developed by BioWare and published by Electronic Arts for Microsoft Windows, Xbox 360, PlayStation 3, and Wii U.','uploads/4GQAlxSkn6QN2BfLOxuVYQGAFILfOQJnYnkEad5n.jpeg','2019-07-05 23:46:44','2019-10-26 15:20:32'),(74,'Max Payne 3','2012-05-15',4.50,0,'Max Payne 3 is a third-person shooter video game developed by Rockstar Studios and published by Rockstar Games.','uploads/jIxv1B5YmYjUGTEitvCLqehNvtR7LRwFOla2IF2E.jpeg','2019-07-05 23:46:44','2019-08-16 05:13:39'),(75,'Medal of Honor: Pacific Assault','2004-11-04',4.00,1,'Medal of Honor: Pacific Assault is a first-person shooter video game, the story of which takes place during the Pacific War. It is the 7th installment of the Medal of Honor series.','uploads/deoInHEp7ZmNUtZ4woVmp5eFsP897Q5J76tEc31g.jpeg','2019-07-05 23:46:44','2019-10-26 15:20:42'),(76,'Medal of Honor: Warfighter','2012-10-15',3.50,1,'Medal of Honor: Warfighter is a first-person shooter video game developed by Danger Close Games and published by Electronic Arts. It is a sequel to 2010\'s series reboot Medal of Honor and the fourteenth installment in the Medal of Honor series.','uploads/P2icIQdNHy8GGww1s6zWW9iaZ1a90BnVfbiPM6Br.jpeg','2019-07-05 23:46:44','2019-10-26 15:20:45'),(77,'Microsoft Flight Simulator X (Acceleration)','2006-10-13',4.00,1,'Microsoft Flight Simulator X (abbreviated to FSX) is a 2006 flight simulation computer game originally developed for, and published by Microsoft Game Studios for Microsoft Windows. It is the sequel to Microsoft Flight Simulator 2004 and the tenth and most current installment of the Microsoft Flight Simulator series, which was first released in 1982. It is built on an upgraded graphics rendering engine, showcasing DirectX 10 features and was marketed by Microsoft as the most important technological milestone in the series to date. FSX is the first version in the series to be released on DVD media. As of 2018, this is the most recent game of the flight simulator series.','uploads/tvGpc99ZEyhjhrSoQGSh3ElfZ1JYAGi1AvirIGXk.jpeg','2019-07-05 23:46:44','2019-10-26 15:20:48'),(78,'NBA 2K13','2012-10-02',4.00,1,'NBA 2K13 is a basketball video game developed by Visual Concepts and published by 2K Sports. It was released on October 2, 2012 in North America for the Xbox 360, PlayStation Portable, PlayStation 3, Microsoft Windows and Wii.','uploads/q11EkEACePPmpCMvmtEyGRciacZZ36EooLV46sOi.jpeg','2019-07-05 23:46:44','2019-10-26 15:20:50'),(79,'NBA 2K14','2013-10-01',3.00,1,'NBA 2K14 is a basketball video game developed by Visual Concepts and published by 2K Sports. It was released on October 1, 2013.','uploads/VBS0c0eqLOaDBMTnF98f4iWyGzpsgZfUoVgOngbc.jpeg','2019-07-05 23:46:44','2019-10-26 15:20:53'),(80,'Need for Speed: Carbon','2006-10-30',4.00,1,'Need for Speed: Carbon is a 2006 racing video game published by Electronic Arts. It is the tenth installment in the Need for Speed series and a sequel to Need for Speed: Most Wanted. It was followed by Need for Speed: ProStreet.','uploads/EbBetKxE9J4OVnJsreYI3SJdKmimqQ3CmNuTyLik.jpeg','2019-07-05 23:46:44','2019-10-26 15:20:55'),(81,'Need for Speed: Most Wanted','2005-11-11',4.00,1,'Need for Speed: Most Wanted is a 2005 racing video game developed by EA Canada and published by Electronic Arts. It is the ninth installment in the Need for Speed series.','uploads/SoEvNKWYOpeBLaSu3I7TNE0SOcJwHMzQPrgyjDY9.jpeg','2019-07-05 23:46:44','2019-10-26 15:20:58'),(82,'Need for Speed: Most Wanted','2012-10-30',4.00,1,'Need for Speed: Most Wanted is an open world racing game developed by Criterion Games and published by Electronic Arts.','uploads/y3eWeYNekCPJFG233WLsRpEdkkO1pm7jW4ZfStO8.jpeg','2019-07-05 23:46:44','2019-10-26 15:21:00'),(83,'Outlast','2013-09-04',4.00,0,'Outlast is a first-person survival psychological horror video game developed and published by Red Barrels.','uploads/9G3Of2qt7d5E4W7gOU6Q040ItGsUgV6OWCip2R8t.jpeg','2019-07-05 23:46:44','2019-08-16 05:26:01'),(84,'Pro Evolution Soccer 2009','2008-10-17',4.00,1,'Pro Evolution Soccer 2009 is a football video game in the Pro Evolution Soccer series, which was made by Konami. It is also the exclusive licensed game of the UEFA Champions League.','uploads/Z9urtKaJeS05HSPlT86EpyAkfnRsMA0YCjzOX04C.jpeg','2019-07-05 23:46:44','2019-10-26 15:21:05'),(85,'Pro Evolution Soccer 2013','2012-09-20',4.00,1,'Pro Evolution Soccer 2013 is an association football video game, developed and published by Konami. The game was announced by Konami on April 18, 2012.','uploads/oP6SiXTq8PfZlkQjxYRPUJ6FcuxzUcR3YoAXd2Uy.jpeg','2019-07-05 23:46:44','2019-10-26 15:21:07'),(86,'Portal','2007-10-10',4.50,1,'Portal is a puzzle-platform video game developed and published by Valve Corporation. It was released in a bundle package called The Orange Box for Microsoft Windows, Xbox 360 and PlayStation 3 in 2007. The game has since been ported to other systems, including OS X, Linux, and Android.','uploads/jJ6OtUlP24qlMAGdrL8sATQV05vVhZcc7oWOy83T.jpeg','2019-07-05 23:46:44','2019-10-26 15:21:09'),(87,'Portal 2','2011-04-18',5.00,1,'Portal 2 is a first-person puzzle-platform video game developed and published by Valve Corporation. It is the sequel to the 2007 game Portal and was released in April 2011 for Microsoft Windows, OS X, Linux, the PlayStation 3, and the Xbox 360.','uploads/lvm74nA4dyHWGAC29RbCWeStonOnL9M80ietM9Oe.jpeg','2019-07-05 23:46:44','2019-10-26 15:21:11'),(88,'Prince of Persia','2008-12-02',4.00,1,'Prince of Persia is an action-adventure and platforming video game developed by Ubisoft Montreal and published by Ubisoft. It is part of the Prince of Persia franchise. The game was released in the United States on December 2, 2008 for PlayStation 3 and Xbox 360 and on December 9, 2008 for Microsoft Windows. It was released on March 24, 2009 for Mac OS X via the Cider engine.','uploads/KtjZ7BSqs2aqyen61y4eHEzzvghJYWGw7vmf7ntJ.jpeg','2019-07-05 23:46:44','2019-10-26 15:21:13'),(89,'Prototype','2009-06-12',4.00,1,'Prototype is an open world action-adventure video game developed by Radical Entertainment and published by Activision. The game was released in North America on June 9, 2009 (PlayStation 3 and Xbox 360), in southwestern parts of North America (Microsoft Windows) as well as Oceania on June 10, and in Europe on June 12. Versions for PlayStation 4 and Xbox One were released on July 14, 2015 alongside the sequel as Prototype Biohazard Bundle. Separate versions of the games became available in August 2015.','uploads/JDqGFLwLZtvydZh9kmTfCKN0ZYbUVTK5gr3GW3ep.jpeg','2019-07-05 23:46:44','2019-10-26 15:21:16'),(90,'Pure Chess','2012-04-11',4.00,1,'Pure Chess is a chess video game by British developer VooFoo Studios.','uploads/PquEtQL745TVBHhkQL6OyOwWGXDU6WGk6ihPWGmh.jpeg','2019-07-05 23:46:44','2019-10-26 15:21:25'),(91,'Pure Pool','2014-07-29',3.50,1,'Pure Pool is a pool video game by British developer VooFoo Studios in association with Ripstone Games for the PlayStation 4 and PC platforms. It was released on the PlayStation Store in North America on 29 July 2014 and Europe on 30 July 2014.','uploads/RqEXw6JTjAqtMbTkZLO9nNt8aAgE1IfTaOeJFr0u.jpeg','2019-07-05 23:46:44','2019-10-26 15:21:27'),(92,'Red Faction: Armageddon','2011-06-07',3.50,1,'Red Faction: Armageddon is a third-person shooter video game developed by Volition and published by THQ in association with the TV network Syfy.','uploads/XT2XT5pTqnNlLs5eOoeu45oP3gCYizaW1csznHGb.jpeg','2019-07-05 23:46:44','2019-10-26 15:21:29'),(93,'Red Faction: Guerrilla','2009-06-02',4.00,1,'Red Faction: Guerrilla is a third-person shooter video game developed by Volition and published by THQ. It was released for PlayStation 3 and Xbox 360 in June 2009 and for Microsoft Windows in September 2009.','uploads/Dh4lJB5vj7e65CPqCSHHHXciaWhbL8H9nwEokgou.jpeg','2019-07-05 23:46:44','2019-10-26 15:21:32'),(94,'Resident Evil: Revelations 2','2015-02-24',3.50,1,'Resident Evil: Revelations 2, known in Japan as Biohazard Revelations 2, is an episodic survival horror video game developed and published by Capcom. It is the tenth major installment in the Resident Evil franchise.','uploads/Rj6NJKNZ219CBVVRoW4aiIjfA7nnCUZ2DuUJ8wsd.jpeg','2019-07-05 23:46:44','2019-10-26 15:21:39'),(95,'Resident Evil 3: Nemesis','1999-09-22',4.00,1,'Resident Evil 3: Nemesis is a survival horror game developed by Capcom and released for the PlayStation in 1999. It is the third installment in the Resident Evil series and takes place around the events of Resident Evil 2.','uploads/kcnJBAwicyLFDWYcN8X1RlTaTeTQYu9livyonuH0.jpeg','2019-07-05 23:46:44','2019-10-26 15:21:41'),(96,'Resident Evil 5','2009-03-05',3.50,1,'Resident Evil 5, known in Japan as Biohazard 5, is a third-person shooter video game developed and published by Capcom and released in 2009.','uploads/0FFwsVwt2d6exuQ3AqARQ3GDvBlzfO4OUIznGjQv.jpeg','2019-07-05 23:46:44','2019-10-26 15:21:44'),(97,'Riddick','2009-04-07',4.50,1,'The Chronicles of Riddick: Assault on Dark Athena is a science fiction first-person action video game for Microsoft Windows, PlayStation 3, Xbox 360 and Mac OS X.','uploads/Y7UTBtx8C4OKdgHAFej67nG5anXpSt4HOr9Ou5C1.png','2019-07-05 23:46:44','2019-10-26 15:21:46'),(98,'Rise of the Argonauts','2008-12-16',3.00,1,'Rise of the Argonauts is a 2008 action role-playing game developed by Liquid Entertainment and published by Codemasters for Microsoft Windows, PlayStation 3 and Xbox 360.','uploads/biJYF0oQ9ObslkwS6DSVIzNYHf8O3RPCmzeY2iYz.jpeg','2019-07-05 23:46:44','2019-10-26 15:21:48'),(99,'Saints Row: The Third','2011-11-15',4.00,1,'Saints Row: The Third is an open world action-adventure video game developed by Volition and published by THQ. It is the third title in the Saints Row series.','uploads/wvk0BHnmUlZmDRlnwoe36GL9BpGJZtBELzUT9FV2.jpeg','2019-07-05 23:46:44','2019-10-26 15:21:55'),(100,'Shank 2','2012-02-07',3.50,1,'Shank 2 is a sequel to a 2D side-scrolling action beat \'em up video game Shank by Klei Entertainment and published by Electronic Arts.','uploads/XcYFnGBj2nU6ASlOCzwgGDBhBWpkWQnpcmez9VIe.jpeg','2019-07-05 23:46:44','2019-10-26 15:21:58'),(101,'Sherlock Holmes: Crimes &amp; Punishments','2014-09-30',3.50,0,'Sherlock Holmes: Crimes &amp; Punishments is an adventure mystery video game in the Sherlock Holmes series developed by Frogwares and published by Focus Home Interactive.','uploads/EPuTMSkbUfPD13H6tYI6SPT91qRehJW2hdnWkFbc.jpeg','2019-07-05 23:46:44','2019-08-16 05:35:49'),(102,'Sherlock Holmes Versus Jack the Ripper','2009-03-20',3.50,0,'Sherlock Holmes Versus Jack the Ripper is an adventure game for Microsoft Windows and Xbox 360, developed by Frogwares. It is the fifth game in the Sherlock Holmes series of adventure games developed by Frogwares.','uploads/zDjpLmwH7PzwEQzhq7S98V3QEV9uUdcbwHmBbrP1.jpeg','2019-07-05 23:46:44','2019-08-16 05:36:12'),(103,'The Elder Scrolls V: Skyrim','2011-11-11',5.00,1,'The Sims 3: Showtime is the sixth expansion pack for The Sims 3 on Mac OS and Windows. It was released on March 2012.','uploads/7AMlOcWfvPC56SuI7HZdg3lmLJy7cCImoozMEIvX.jpeg','2019-07-05 23:46:44','2019-10-26 15:22:03'),(104,'Tom Clancy\'s Splinter Cell: Conviction','2010-04-13',4.00,1,'Tom Clancy\'s Splinter Cell: Conviction is an action-adventure stealth video game developed by Ubisoft Montreal as part of the Tom Clancy\'s Splinter Cell series.','uploads/UlenRH5CUKEQ59zmLkxXCNMvQQXUqplkhRS8z4oy.jpeg','2019-07-05 23:46:44','2019-10-26 15:22:07'),(105,'Tales from the Borderlands','2014-11-25',4.00,1,'Tales from the Borderlands is an episodic interactive comedy graphic adventure sci-fi video game based on the Borderlands series, released in November 2014.','uploads/NxX7AxOlMCoAfnxwNGMEr5TT7DFf91cmGqnFeK4I.jpeg','2019-07-05 23:46:44','2019-10-26 15:22:10'),(106,'The Godfather','2006-03-21',3.50,1,'The Godfather is a 2006 open world action-adventure video game developed by EA Redwood Shores and published by Electronic Arts.','uploads/F8gVQQKtcYqxgKifX5eC0Ap6hYdkxOUbl2CFqgKq.jpeg','2019-07-05 23:46:44','2019-10-26 15:22:11'),(107,'Overlord II','2009-06-23',4.00,0,'Overlord II is an action role-playing game, sequel to the 2007 video game Overlord, developed by Triumph Studios and published by Codemasters for GNU-Linux, Microsoft Windows, Xbox 360, and PlayStation 3.','uploads/q8pxrWDyo5RRacYYzs77nRDn68PWEdf1xNpOKOan.jpeg','2019-07-05 23:46:44','2019-08-16 05:38:13'),(108,'The Saboteur','2009-11-19',4.00,0,'The Saboteur is a open world action-adventure video game set during World War II in German-occupied France. It was published by Electronic Arts and was the final game developed by Pandemic Studios.','uploads/kzHx0Dg92N4Qm6cIawgl27RSeLHKEF2e5MasQSon.jpeg','2019-07-05 23:46:44','2019-08-16 05:38:36'),(109,'The Sims Castaway Stories','2008-01-29',3.50,1,'The Sims Castaway Stories is the third and final game in The Sims Stories. It was released on January 29, 2008, with a port for Mac OS X released by Aspyr on March 17, 2008.','uploads/hlEOYObClobqm0CsHOtB5kuLO58ak46F6HwBxqZs.jpeg','2019-07-05 23:46:44','2019-10-26 15:22:15'),(110,'The Sims Medieval','2011-03-22',4.00,1,'The Sims Medieval is a video game that was released in March 22, 2011, by Electronic Arts for Microsoft Windows, Mac OS X and iOS, part of The Sims series. It was available for Nokia Lumia Windows Phone, on March 25, 2013.','uploads/7tRtHckZB4AbUSJYG6oioFp0UVNfsP5QTsXRbqEp.jpeg','2019-07-05 23:46:44','2019-10-26 15:22:21'),(111,'The Sims 3: Showtime','2012-03-06',3.50,1,'The Sims 3: Showtime is the sixth expansion pack for The Sims 3 on OS X and Windows. It was released on March 2012.','uploads/fksdwFuvxk0PghFRDkEny5Bzdl3FKqlJzJaHPxpZ.jpeg','2019-07-05 23:46:44','2019-10-26 15:22:23'),(112,'The Sims 3','2010-06-02',4.50,1,'The Sims 3 is the third major title in the life simulation video game developed by The Sims Studio and published by Electronic Arts. It is the sequel to The Sims 2.','uploads/rfe9gi39p1Coe48uhk7JbdJL6biaEt3t2B3ruLaf.jpeg','2019-07-05 23:46:44','2019-10-26 15:22:25'),(113,'The Sims 4','2014-09-02',3.50,1,'The Sims 4 is the fourth major title in the life simulation video game series The Sims, developed by Maxis and The Sims Studio and published by Electronic Arts.','uploads/NPhmJUn3yxyVKF0VyNcsVw53HhoPFyHLLywnM1NK.jpeg','2019-07-05 23:46:44','2019-10-26 15:22:27'),(114,'The Walking Dead: Michonne','2016-02-23',3.50,1,'The Walking Dead: Michonne is an episodic interactive drama graphic adventure survival horror based on Robert Kirkman\'s The Walking Dead comic book series by Telltale Games.','uploads/miIHJnlcuz1u5VPwtY1bFqWdYt1RbUojx1pZRktS.jpeg','2019-07-05 23:46:44','2019-10-26 15:22:30'),(115,'The Walking Dead','2012-04-24',4.50,1,'The Walking Dead is an episodic interactive drama graphic adventure survival horror video game developed and published by Telltale Games.','uploads/SQ1lOQ06clXthBA2XmYC6rUtApb3JaR6kKs6MIPV.jpeg','2019-07-05 23:46:44','2019-10-26 15:22:32'),(116,'The Walking Dead: Season Two','2013-12-17',4.00,1,'The Walking Dead: Season Two is an episodic interactive drama graphic adventure game based on The Walking Dead comic book series developed by Telltale Games.','uploads/Y9ALmVAqfjNHX1VWGM14BJlRbwEvrjUUwoW1uXj4.jpeg','2019-07-05 23:46:44','2019-10-26 15:22:34'),(117,'The Witcher 2: Assassins of Kings','2011-05-17',4.50,0,'The Witcher 2: Assassins of Kings is an action role-playing hack and slash video game developed by CD Projekt Red for Microsoft Windows, Xbox 360, OS X, and Linux.','uploads/fKCcMFrRrGZMn9e0djsaPhSFDYfFsBJxf4E4uTMh.jpeg','2019-07-05 23:46:44','2019-08-16 05:44:13'),(118,'The Wolf Among Us','2013-01-01',4.00,1,'The Wolf Among Us is an episodic interactive fantasy mystery graphic adventure video game based on Bill Willingham\'s Fables comic book series. It is developed by Telltale Games.','uploads/osZaoNBon8cDbtDg97DZYNTltaMCa0eJP7XY8O1J.png','2019-07-05 23:46:44','2019-10-26 15:22:38'),(119,'Tom Clancy\'s H.A.W.X','2009-03-03',3.50,1,'Tom Clancy\'s H.A.W.X is a 2009 arcade flight video game developed by Ubisoft Bucharest and published by Ubisoft for Microsoft Windows, Xbox 360 and PlayStation 3, and by Gameloft for BlackBerry PlayBook, iOS, Palm Pre, Android and Symbian^3.','uploads/7nYDN82JImJGSWNBEQeQZWhbtuOL58lB7ffkXMdk.jpeg','2019-07-05 23:46:44','2019-10-26 15:22:40'),(120,'Tomb Raider','2013-03-05',4.50,1,'Tomb Raider is an action-adventure video game developed by Crystal Dynamics and published by Square Enix. Tomb Raider is the tenth title in the Tomb Raider franchise, and operates as a reboot that reconstructs the origins of Lara Croft.','uploads/YtLB3cjEfk6jcPqiGR3WgO0pIO4LozFywXVKxLwp.jpeg','2019-07-05 23:46:44','2019-10-26 15:22:45'),(121,'Total War: Shogun 2','2011-03-15',4.50,0,'Total War: Shogun 2 is a strategy video game developed by The Creative Assembly and published by Sega.','uploads/DiTzWl8lR1nmnqeriSnIQUUo44tkXXQofdURWfCB.jpeg','2019-07-05 23:46:44','2019-08-16 05:45:42'),(123,'Virtua Tennis 4','2011-04-29',3.50,1,'Virtua Tennis 4 is the third sequel to Sega\'s tennis game franchise, Virtua Tennis. It was released on PlayStation 3, Xbox 360, Microsoft Windows, Wii and PlayStation Vita. Virtua Tennis 4 is also being produced for a four player stick based arcade.','uploads/rXl00Y5zimxie2vNimdtnrGthsKDxfiIKREk3X6X.jpeg','2019-07-05 23:46:44','2019-10-26 15:22:53'),(124,'Watch Dogs','2014-05-27',4.00,1,'Watch Dogs is an action-adventure video game developed by Ubisoft Montreal and published by Ubisoft.','uploads/YQ1Y2MFTWnKMHJ4f3emz90ysrxgC6YjqY1p19dbP.jpeg','2019-07-05 23:46:44','2019-10-26 15:23:06'),(125,'Worms 4: Mayhem','2005-07-29',4.00,1,'Worms 4: Mayhem is a 3D artillery tactical and strategy game in the Worms series developed by Team17.','uploads/24fMf8cgWMVaaSdbFX1XjFJ2i7OQjTgvPG0egUH1.jpeg','2019-07-05 23:46:44','2019-10-26 15:23:10'),(126,'Zeno Clash','2009-04-21',4.00,1,'Zeno Clash is a first-person fighting video game with elements of a first-person shooter. It is the debut game of developer ACE Team and uses the Source engine. It was released for download through content delivery service Steam on 21 April, 2009.','uploads/Gesf5vq5R31Flq7DTug7vpAdyLkJdwCcjbQi0sts.jpeg','2019-07-05 23:46:44','2019-10-26 15:23:13'),(127,'Transport Fever','2016-11-08',3.50,0,NULL,'uploads/tJizqtsLhWXQMOOwZbnPt0FFHs5HzNBhPCqXFWdj.jpeg','2019-07-05 23:46:44','2019-08-16 05:47:04'),(128,'Take On Helicopters','2011-10-27',3.50,0,'Take On Helicopters is a 2011 video game developed by Bohemia Interactive. It was released 27 October 2011 for Microsoft Windows, with its first official DLC, Take On Helicopters: Hinds being released 15 March 2012.','uploads/rJ8YnD6nVmX95Js49NTsvsvBBzD8oaf9XKpsngH8.jpeg','2019-07-05 23:46:44','2019-08-16 05:47:38'),(129,'Fahrenheit','2005-09-16',4.00,1,'Fahrenheit is a cinematic interactive drama action-adventure video game developed by Quantic Dream and published by Atari, Inc. for the PlayStation 2 and Xbox. The director\'s cut and uncut versions were later released for Microsoft Windows.','uploads/An64smUYXerJ9jxFkusJLkYoItGXgRcjDWxFksox.jpeg','2019-07-05 23:46:44','2019-10-26 15:23:20'),(130,'Farming Simulator 17','2016-10-25',3.50,0,NULL,'uploads/aq6WqlBNmFJPPu9VVOzVMKc4RrbNpuMT0WqEQK6Z.jpeg','2019-07-05 23:46:44','2019-08-16 05:48:08'),(131,'Commandos: Beyond the Call of Duty','1999-01-01',4.00,1,NULL,'uploads/NirsMZqJpLb8rg2GAmgUxgfWUFApliHWAfBh2gpL.jpeg','2019-07-05 23:46:44','2019-10-26 15:23:30'),(132,'Commandos 2: Men of Courage','2001-09-20',4.50,1,'Commandos 2: Men of Courage is a real-time tactics video game, developed by Pyro Studios, published by Eidos Interactive, and released on September 20, 2001.','uploads/8XF2UqZUICqh5Ntug09D1jGBsClIk1i5zt8jNBVb.jpeg','2019-07-05 23:46:44','2019-10-26 15:23:28'),(133,'Batman: The Telltale Series','2016-08-02',3.50,1,'Batman: The Telltale Series is a 2016 episodic point-and-click graphic adventure video game developed and published by Telltale Games and distributed by Warner Bros. Interactive Entertainment under its DC Entertainment label.','uploads/U0zyCiWKW0D4WdjZWckBjCqjbdwn3bSw966oNicR.jpeg','2019-07-05 23:46:44','2019-10-26 15:23:32'),(134,'Resident Evil 4','2005-01-11',5.00,1,'Resident Evil 4, known in Japan as Biohazard 4, is a third-person shooter survival horror video game developed and published by Capcom.','uploads/atTPGHi38rQM51Gb1sIdwQUvT1iT1y3Yopns8eFY.jpeg','2019-07-05 23:46:44','2019-10-26 15:23:34'),(135,'Alan Wake','2010-05-14',4.00,0,'Alan Wake is an action-adventure video game developed by Remedy Entertainment and published by Microsoft Studios, released for the Xbox 360 and Microsoft Windows.','uploads/clpZP22pCvf9665MRBuRQJxXyE9KEDAyvpIL4Dhg.png','2019-07-05 23:46:44','2019-08-16 05:49:24'),(136,'Assassin\'s Creed Rogue','2014-11-11',3.50,1,'Assassin\'s Creed Rogue is an action-adventure video game developed by Ubisoft Sofia and published by Ubisoft.','uploads/j3oBIUOt0fC2u9Ui2Vu7tnaEGAh3xotNtlkKYYXT.jpeg','2019-07-05 23:46:44','2019-10-26 15:23:44'),(137,'FIFA 17','2016-09-27',4.00,1,'FIFA 17 is a sports video game in the FIFA series developed and published by Electronic Arts, that was released in September 2016. This is the first FIFA game in the series to use the Frostbite game engine.','uploads/mYeu8eExOT5TyauZEqIxnVm5nyIPQS7TcwT9uj19.jpeg','2019-07-05 23:46:44','2019-10-26 15:23:48'),(138,'Grand Theft Auto V','2013-09-17',5.00,1,'Grand Theft Auto V is an action-adventure video game developed by Rockstar North and published by Rockstar Games.','uploads/9hrsc0FJja8XryudCFFCzXVuGjoFcDj25zeVe7sO.jpeg','2019-07-05 23:46:44','2019-10-26 15:23:51'),(139,'Mad Max','2015-09-01',3.50,0,'Mad Max is an action-adventure video game based on the Mad Max franchise. Developed by Avalanche Studios and published by Warner Bros. Interactive Entertainment, it was released for Microsoft Windows, PlayStation 4, and Xbox One in September 2015.','uploads/stISHySf4w0KLd41UAZG4TAvphDIjumQkFjQi5wN.jpeg','2019-07-05 23:46:44','2019-08-16 05:50:37'),(140,'Mass Effect: Andromeda','2017-03-21',3.50,0,'Mass Effect: Andromeda is an action role-playing video game developed by BioWare and published by Electronic Arts for Microsoft Windows, PlayStation 4, and Xbox One.','uploads/aWTk7598G7Mig1HUZSf0UubqXJMuXrTsTIl9ynA6.jpeg','2019-07-05 23:46:44','2019-08-16 05:51:50'),(141,'Medal of Honor: Airborne','2007-08-28',3.50,1,'Medal of Honor: Airborne is a World War II first-person shooter video game, developed by EA Los Angeles, and released worldwide on mobile phones in August 2007.','uploads/g0W7oBI6EBbvx9RAb6OWw2L5F1qMAE2VE7PxO7aO.jpeg','2019-07-05 23:46:44','2019-10-26 15:24:00'),(142,'Mortal Kombat X','2015-04-07',4.00,1,'Mortal Kombat X is a fighting video game developed by NetherRealm Studios and published by Warner Bros. Interactive Entertainment.','uploads/JuOCfqtj5JhN8Xq64eVCitC7A4WIdRMUT42w6vnK.jpeg','2019-07-05 23:46:44','2019-10-26 15:24:02'),(143,'Resident Evil 7: Biohazard','2017-01-24',4.50,0,'Resident Evil 7: Biohazard is a survival horror game developed and published by Capcom, released in January 2017 for Windows, PlayStation 4, and Xbox One, and in May 2018 for the Nintendo Switch.','uploads/FzF4PyvLrgAVez6MtooCdNKH4wBJPYX3Qk4lIjlw.jpeg','2019-07-05 23:46:44','2019-08-16 05:52:29'),(144,'Sherlock Holmes: The Devil\'s Daughter','2016-06-10',3.50,0,'Sherlock Holmes: The Devil\'s Daughter is an adventure mystery video game in the Sherlock Holmes series developed by Frogwares and published by Bigben Interactive for Microsoft Windows, PlayStation 4 and Xbox One in 2016.','uploads/e2SFyYsTWnbaAmOxrWlR0uLoUSvVYD1P796d1S5J.jpeg','2019-07-05 23:46:44','2019-08-16 05:52:51'),(145,'Sniper Elite III','2014-06-27',3.50,0,'Sniper Elite III is a third-person tactical shooter stealth video game developed by Rebellion Developments and published by 505 Games.','uploads/RlWPURzGf3f4R4iXOhqjfoCeElPtmR2WcXNV4A3L.jpeg','2019-07-05 23:46:44','2019-08-16 05:53:44'),(146,'Game of Thrones','2014-12-02',3.00,1,'Game of Thrones is an episodic graphic adventure video game based on the TV series of the same name, which in turn, is based on George R. R. Martin\'s A Song of Ice and Fire fantasy series.','uploads/nFG0t4BPysfv3LSiCc7rdPwRRnupFg5zBcLyQxpA.jpeg','2019-07-05 23:46:44','2019-10-26 15:24:08'),(147,'Minecraft: Story Mode','2015-10-13',3.50,1,'Minecraft: Story Mode is an episodic point-and-click graphic adventure video game developed and published by Telltale Games, based on the sandbox video game Minecraft.','uploads/r7g0LZIbRQ3LDBQFW9oF6eLTQp0Ekk5eep1HRnXL.png','2019-07-05 23:46:44','2019-10-26 15:24:11'),(148,'The Walking Dead: A New Frontier','2016-12-20',3.50,1,'The Walking Dead: A New Frontier is an episodic graphic adventure game based on Robert Kirkman\'s The Walking Dead comic book series developed by Telltale Games.','uploads/S4ILP95VtBfiABrQaJM9MGXC0gHPaezH6LWHiwyV.jpeg','2019-07-05 23:46:44','2019-10-26 15:24:23'),(149,'WWE 2K16','2015-10-27',3.50,1,'WWE 2K16 is a professional wrestling video game developed in a collaboration between Yuke\'s and Visual Concepts, and published by 2K Sports for Microsoft Windows, PlayStation 3, PlayStation 4, Xbox 360 and Xbox One.','uploads/38wAatBPVlkEJtb8ZL318NizmPVkkVWdDrCdYwkO.jpeg','2019-07-05 23:46:44','2019-10-26 15:24:26'),(150,'Real Heroes: Firefighter','2009-08-09',3.00,0,'Real Heroes: Firefighter is a first-person shooter video game for the Nintendo Wii, developed by Epicenter Studios and published by Conspiracy Entertainment.','uploads/Hg2VntGCyGeKOmv5hy0dvuOxrVMrPaCFdlRnBfKE.jpeg','2019-07-05 23:46:44','2019-08-16 05:55:38'),(151,'Dishonored 2','2016-11-11',4.00,1,'Dishonored 2 is an action-adventure stealth video game developed by Arkane Studios and published by Bethesda Softworks. The sequel to 2012\'s Dishonored, the game was released for Microsoft Windows, PlayStation 4, and Xbox One on 11 November 2016.','uploads/dOaMwcczY8qcliBl74v0wT0Y3UP8dmUs3zNvbYif.jpeg','2019-07-05 23:46:44','2019-10-26 15:24:29'),(152,'Batman: The Enemy Within','2017-08-08',4.00,1,'Batman: The Enemy Within is an episodic point-and-click graphic adventure video game developed and published by Telltale Games and distributed by Warner Bros. Interactive Entertainment under its DC Entertainment label.','uploads/uBSbVQoGRklkwi5DfDN21qMkQqB3cAHA7YZAzhDF.jpeg','2019-07-05 23:46:44','2019-10-26 15:24:46'),(153,'Assassin\'s Creed: Origins','2017-10-27',4.00,1,'Assassin\'s Creed Origins is an action-adventure video game developed by Ubisoft Montreal and published by Ubisoft. It is the tenth major installment in the Assassin\'s Creed series and the successor to 2015\'s Assassin\'s Creed Syndicate.','uploads/6UD7FrNSPsPicxHNGZwtONMCYib2RUhFM2w2Xxh2.jpeg','2019-07-05 23:46:44','2019-10-26 15:24:49'),(154,'Vampyr','2018-06-05',3.50,1,'Vampyr is an action role-playing video game developed by Dontnod Entertainment and published by Focus Home Interactive. It was released for Microsoft Windows, PlayStation 4, and Xbox One on 5 June 2018.','uploads/urZWWvuEgHlXKG4LoElQ0sblzJTne6BoTY165w3x.jpeg','2019-07-05 23:46:44','2019-10-26 15:24:53'),(155,'Deus Ex: Mankind Divided','2016-08-23',4.00,0,'Deus Ex: Mankind Divided is an action role-playing video game developed by Eidos Montréal and published worldwide by Square Enix in August 2016 for Microsoft Windows, PlayStation 4 and Xbox One. Versions for Linux and macOS systems were released in 2016 and 2017 respectively.','uploads/KeqJ2xrCOgc4ZoBty4TB3YmI3RySrXv4UyOMycGw.jpeg','2019-07-05 23:46:44','2019-10-26 15:25:02'),(156,'AO Tennis','2018-01-05',3.00,1,'AO Tennis is a tennis video game developed and published by Big Ant Studios. AO Tennis was released for PlayStation 4, Xbox One, Android and iOS on January 5, 2018. It is the first official licensed game of the Australian Open.','uploads/syu9fQvOsQotfGjYzpEmnj7V9MvcWxzbUwKgeZzd.png','2019-07-05 23:46:44','2019-10-26 15:25:10'),(157,'Batman: Arkham Knight','2015-06-23',4.50,1,'Batman: Arkham Knight is a 2015 action-adventure video game developed by Rocksteady Studios and published by Warner Bros. Interactive Entertainment. Based on the DC Comics superhero Batman, it is the successor to the 2013 video game Batman: Arkham Origins, and the fourth main installment in the Batman: Arkham series.','uploads/qNQE49REVeHtPGeIEgrY3UmQZa6CYuD937R50Ehs.jpeg','2019-07-05 23:46:44','2019-10-26 15:25:12'),(158,'The Godfather II','2009-04-07',3.00,0,'The Godfather II is an open world action-adventure video game developed by EA Redwood Shores and published by Electronic Arts for Microsoft Windows, PlayStation 3 and Xbox 360. It was released worldwide for all platforms in April 2009.','uploads/FNwgUCVzzLSQCmsGegeqC76SwZ7hwM988oJCfR9l.jpeg','2019-07-05 23:46:44','2019-08-16 05:57:43'),(159,'Pro Evolution Soccer 2019','2018-08-28',3.50,0,'Pro Evolution Soccer 2019 is a football simulation video game developed by PES Productions and published by Konami for Microsoft Windows, PlayStation 4, and Xbox One.','uploads/C6sIPKB2hlAEg9OQFmNrCduC3FdVVhFwUkoOlViy.png','2019-07-05 23:46:44','2019-08-16 05:58:05'),(160,'BioShock Infinite','2013-03-26',5.00,0,'Initially conceived as a floating symbol of American ideals at a time when the United States was emerging as a world power, Columbia is sent to distant shores with great fanfare by a captivated public. What begins as a fresh new endeavor of hope turns drastically wrong as the city soon disappears into the clouds to whereabouts unknown. The player takes on the role of former Pinkerton agent Booker DeWitt, sent to the lost city to rescue Elizabeth, a young lady imprisoned there since her childhood. He develops a relationship with Elizabeth, enhancing his abilities with hers so the pair may escape from a city that is literally falling from the sky. DeWitt has to learn to fight foes in high-speed Sky-Line battles, engage in combat both indoors and amongst the clouds, and harness the power of a myriad of new weapons and abilities.','uploads/jdkcRh7YSsoRP8E10YHKaD9KHuZElkj0XKhQsR2F.jpeg','2019-07-05 23:46:44','2019-08-16 05:58:19'),(161,'NBA 2K19','2018-09-07',4.00,0,'NBA 2K19 is a basketball simulation video game developed by Visual Concepts and published by 2K Sports, based on the National Basketball Association. It is the 20th installment in the NBA 2K franchise and the successor to NBA 2K18.','uploads/h3C6V3k1PG0zKIQZwqeJORzBI2BcUAWgcAV92Zi2.jpeg','2019-07-05 23:46:44','2019-08-16 05:58:52'),(162,'The Witcher','2007-10-26',5.00,0,'The Witcher is an action role-playing game developed by CD Projekt Red and published by Atari, based on the novel series of The Witcher by Polish author Andrzej Sapkowski.','uploads/yXPDOspI8RvowvGXEHPpYLOVidBKeHiwIKHCEqyY.png','2019-07-05 23:46:44','2019-08-16 05:59:07'),(163,'Dark Sector','2008-03-25',3.50,0,'Dark Sector, also stylized as darkSector, is a third-person shooter video game developed by Digital Extremes for the Xbox 360, PlayStation 3 and Microsoft Windows. The game is set in the fictional Eastern Bloc country of Lasria, and centers on protagonist Hayden Tenno, a morally ambivalent CIA &quot;clean-up man&quot;.','uploads/nse0ggMB5g9sWpI3uaiNc8129zj9ioJuUKTZyWLn.jpeg','2019-07-05 23:46:44','2019-08-16 05:59:32'),(164,'Singularity','2010-06-25',4.00,0,'Singularity is a 2010 first-person shooter video game developed by Raven Software and published by Activision and released for Microsoft Windows, PlayStation 3 and Xbox 360. Singularity is Raven Software\'s third title built on Epic Games\' Unreal Engine 3.','uploads/vk7dJozmNv40bBwOwurWJM3aOTU2vOB3SvqmJm8T.jpeg','2019-07-05 23:46:44','2019-08-16 06:00:00'),(165,'Lost: Via Domus','2008-02-26',3.00,0,'Lost: Via Domus is a video game based on the ABC television series Lost. The game was released for the Microsoft Windows operating system, and the Xbox 360 and PlayStation 3 video game consoles in February 2008, after the third season of the series.','uploads/28OCmoYbV7S7iKAVQZgbAsTyjsm6ZkfMnSSMuoma.jpeg','2019-07-05 23:46:44','2019-08-16 06:00:10'),(166,'Resident Evil 6','2013-10-02',3.50,1,'Resident Evil 6 is a third-person shooter game developed and published by Capcom. It was released for the PlayStation 3 and Xbox 360 in October 2012 and for Windows in March 2013.','uploads/1LZQj9J9UXExDRXNpXPiR27CxS4RFE59EeuMBh1Q.jpeg','2019-07-05 23:46:44','2019-10-26 15:25:28'),(167,'Bully','2006-10-17',4.00,0,'Bully is an action-adventure video game developed by Rockstar Vancouver and published by Rockstar Games. It was released on 17 October 2006 for PlayStation 2.','uploads/9jerbKIA4ZoCaEsAMxYNpHGNX8Y2JYBfWtEHSNHe.jpeg','2019-07-05 23:46:44','2019-08-16 06:00:32'),(168,'FIFA 19','2018-09-28',4.00,1,'FIFA 19 is a football simulation video game developed by EA Vancouver as part of Electronic Arts\' FIFA series. Announced on 6 June 2018 for its E3 2018 press conference, it was released on 28 September 2018 for PlayStation 3, PlayStation 4, Xbox 360, Xbox One, Nintendo Switch, and Microsoft Windows.','uploads/r9LKblQWrhwYuziPDtWIkfq0A11lJjMHz2B6mSDj.jpeg','2019-07-05 23:46:44','2019-10-26 15:25:31'),(169,'Injustice: Gods Among Us','2013-04-03',4.00,1,'Injustice: Gods Among Us is a fighting video game based upon the fictional universe of DC Comics. The game was developed by NetherRealm Studios and published by Warner Bros. Interactive Entertainment for the PlayStation 3, Xbox 360, and Wii U.','uploads/vY303dm6FGAwFKfRUf6gCxkhUfHlGixhh186K2rQ.jpeg','2019-07-05 19:19:12','2019-10-26 15:25:33'),(170,'Borderlands','2009-10-20',4.00,0,'Borderlands is a 2009 open world action role-playing first-person shooter video game. It is the first game in the Borderlands series, developed by Gearbox Software, and published by 2K Games for PlayStation 3, Xbox 360, Microsoft Windows, Mac OS X and Shield Android TV.','uploads/1PkDFSA4aiFBeuATCGr0ol9Px2TkTgd6boisBuaH.jpeg','2019-07-19 06:27:42','2019-08-16 06:10:34'),(171,'Borderlands 2','2012-09-18',4.50,0,'Borderlands 2 is an action role-playing first-person shooter video game developed by Gearbox Software and published by 2K Games. It is the second game in the Borderlands series and the sequel to 2009\'s Borderlands. The game was released for Microsoft Windows, PlayStation 3, Xbox 360, and OS X on September 18, 2012.','uploads/qb9wQR1GVVKq5kNntjFsgZMxd0hSKAkBrvrPSunZ.jpeg','2019-07-19 06:29:50','2019-08-16 06:11:08'),(172,'The Evil Within','2014-10-01',3.50,0,'The Evil Within is a third-person survival horror video game developed by Tango Gameworks and published by Bethesda Softworks. The game was directed by Resident Evil series creator Shinji Mikami and was released worldwide in October 2014 for PlayStation 3, PlayStation 4, Xbox 360, Xbox One and Microsoft Windows.','uploads/aFt3sKQVxh0nvMv0wNOFNtgi4ViIubMkylvvrWiB.jpeg','2019-07-19 06:32:18','2019-08-16 06:27:23'),(173,'Tennis World Tour','2018-05-22',2.00,0,'Tennis World Tour is a tennis sports game developed by Breakpoint Studio and published by Bigben Interactive for Nintendo Switch, PlayStation 4, Xbox One and Microsoft Windows.','uploads/qaRr3njIncc0UlBwGwz7PmUxhgm2HjmxfyZTHNOj.jpeg','2019-07-19 06:34:39','2019-08-16 06:13:07'),(174,'Mafia','2002-08-27',4.50,0,'Mafia is a 2002 action-adventure video game developed by Illusion Softworks and published by Gathering of Developers. The game was released for Microsoft Windows in August 2002, and later ported to the PlayStation 2 and the Xbox consoles in 2004, in North America and Europe.','uploads/IFAoR6qtk5iVBxMHocbRqAzYJxUW6FbxTLstdYyx.jpeg','2019-07-22 18:40:01','2019-08-16 06:13:28'),(175,'TimeShift','2007-10-30',3.50,0,'TimeShift is a first-person shooter developed by Saber Interactive and published by Vivendi Games for Microsoft Windows, Xbox 360, and PlayStation 3. It was developed using the Saber3D Engine.','uploads/GEKFyPMFiQoWm4qsWgCtCJrhEXFraLJmhJd991rO.jpeg','2019-07-26 10:22:20','2019-08-16 06:14:21'),(177,'Crysis 3','2013-02-19',3.50,0,'Crysis 3 is a first-person shooter video game developed by Crytek and published in 2013 by Electronic Arts for Microsoft Windows, PlayStation 3, and Xbox 360. It is the third main installment of the Crysis series, a sequel to the 2011 video game Crysis 2. The multiplayer portion of the game was developed by Crytek UK.','uploads/k3e38YAP7FiEb670LGJ2uzJgYKa22izahxU2UYzo.jpeg','2019-08-16 06:18:06','2019-08-16 06:18:06'),(178,'The Evil Within 2','2017-10-13',4.00,0,'The Evil Within 2 is a third-person survival horror video game developed by Tango Gameworks and published by Bethesda Softworks for Microsoft Windows, PlayStation 4 and Xbox One. The game was released worldwide in October 2017, and is the sequel to the 2014 video game The Evil Within.','uploads/QLZvvZNP0zP3SW9uq4gMJwkWhrznjqRjAkTPxGnU.webp','2019-08-16 06:26:47','2019-08-16 06:26:47'),(179,'The Witcher 3: Wild Hunt','2015-05-19',4.50,1,'The Witcher 3: Wild Hunt is a 2015 action role-playing game developed and published by CD Projekt, based on The Witcher series of fantasy novels by Andrzej Sapkowski. It is the sequel to the 2011 game The Witcher 2: Assassins of Kings.','uploads/2omDSmMv8QEOFHJFVm58fTe4Xdci42NbojR1CyDe.jpeg','2019-08-17 12:47:23','2019-10-26 15:25:41'),(180,'Company of Heroes 2 Master Collection','2013-06-25',4.00,0,'Company of Heroes 2 is a real-time strategy video game developed by Relic Entertainment and published by Sega for Microsoft Windows, OS X, and Linux.[5] It is the sequel to the 2006 game Company of Heroes. As with the original Company of Heroes, the game is set in World War II but with the focus on the Eastern Front, with players primarily controlling the side of the Soviet Red Army during various stages of the Eastern Front, from Operation Barbarossa to the Battle of Berlin. Company of Heroes 2 runs on Relic Entertainment\'s proprietary Essence 3.0 game engine.','uploads/VUR1ezSBcmAlZX8ocygAkaeExgcXtFTiPl1UYboy.jpeg','2019-10-26 14:21:09','2019-10-26 14:21:10'),(181,'Sleeping Dogs Definitive Edition','2012-08-14',4.00,0,'Sleeping Dogs is an action-adventure video game developed by United Front Games and published by Square Enix. It was originally released for PlayStation 3, Xbox 360 and Windows. A remastered version subtitled Definitive Edition was later released for PlayStation 4, Xbox One, Windows and macOS.','uploads/ERCfCf3F8sb26CojXwi6X08sSBVBvUn9hqe2X5Hy.jpeg','2019-10-26 14:27:03','2019-10-26 14:27:03'),(182,'Metal Gear Solid V: The Phantom Pain','2015-09-01',4.50,0,'Metal Gear Solid V: The Phantom Pain is a stealth game developed by Kojima Productions and published by Konami. It was released worldwide for Microsoft Windows, PlayStation 3, PlayStation 4, Xbox 360 and Xbox One on September 1, 2015.','uploads/eYmvVA9vNiBHggSHkJs7kcrQPeGjXH5HfGQkMVoo.jpeg','2019-10-26 14:35:03','2019-10-26 14:35:03'),(183,'Dead Space 3','2013-02-05',4.00,0,'Dead Space 3 is a survival horror action-adventure video game developed by Visceral Games and published by Electronic Arts. Announced at E3 2012 and released internationally in February 2013, it is the sequel to Dead Space 2 and the third main entry in the Dead Space series.','uploads/ramxubThZvI9Mi54WTyV2cejCc17DtiBYugPe5r2.jpeg','2019-10-27 16:43:43','2019-10-27 16:43:43');
/*!40000 ALTER TABLE `games` ENABLE KEYS */;
UNLOCK TABLES;

--
-- Table structure for table `genres`
--

DROP TABLE IF EXISTS `genres`;
/*!40101 SET @saved_cs_client     = @@character_set_client */;
/*!40101 SET character_set_client = utf8 */;
CREATE TABLE `genres` (
  `id` bigint(20) unsigned NOT NULL AUTO_INCREMENT,
  `name` varchar(191) COLLATE utf8mb4_unicode_ci NOT NULL,
  `created_at` timestamp NULL DEFAULT NULL,
  `updated_at` timestamp NULL DEFAULT NULL,
  PRIMARY KEY (`id`)
) ENGINE=InnoDB AUTO_INCREMENT=27 DEFAULT CHARSET=utf8mb4 COLLATE=utf8mb4_unicode_ci;
/*!40101 SET character_set_client = @saved_cs_client */;

--
-- Dumping data for table `genres`
--

LOCK TABLES `genres` WRITE;
/*!40000 ALTER TABLE `genres` DISABLE KEYS */;
INSERT INTO `genres` VALUES (1,'','2019-07-05 23:46:44','2019-07-05 23:46:44'),(2,'Adventure','2019-07-05 23:46:44','2019-07-05 23:46:44'),(3,'Action','2019-07-05 23:46:44','2019-07-05 23:46:44'),(4,'Stealth','2019-07-05 23:46:44','2019-07-05 23:46:44'),(5,'Platform','2019-07-05 23:46:44','2019-07-05 23:46:44'),(6,'Flight','2019-07-05 23:46:44','2019-07-05 23:46:44'),(7,'Simulator','2019-07-05 23:46:44','2019-07-05 23:46:44'),(8,'Combat','2019-07-05 23:46:44','2019-07-05 23:46:44'),(9,'First-Person','2019-07-05 23:46:44','2019-07-05 23:46:44'),(10,'Shooter','2019-07-05 23:46:44','2019-07-05 23:46:44'),(11,'Strategy','2019-07-05 23:46:44','2019-07-05 23:46:44'),(12,'Third-Person','2019-07-05 23:46:44','2019-07-05 23:46:44'),(13,'RPG','2019-07-05 23:46:44','2019-07-05 23:46:44'),(14,'Hack and Slash','2019-07-05 23:46:44','2019-07-05 23:46:44'),(15,'Horror','2019-07-05 23:46:44','2019-07-05 23:46:44'),(16,'Survival','2019-07-05 23:46:44','2019-07-05 23:46:44'),(17,'Racing','2019-07-05 23:46:44','2019-07-05 23:46:44'),(18,'Sports','2019-07-05 23:46:44','2019-07-05 23:46:44'),(19,'Real-Time','2019-07-05 23:46:44','2019-07-05 23:46:44'),(20,'Turn-Base','2019-07-05 23:46:44','2019-07-05 23:46:44'),(21,'Open-World','2019-07-05 23:46:44','2019-07-05 23:46:44'),(22,'Interactive movie','2019-07-05 23:46:44','2019-07-05 23:46:44'),(23,'Puzzle','2019-07-05 23:46:44','2019-07-05 23:46:44'),(24,'Board','2019-07-05 23:46:44','2019-07-05 23:46:44'),(25,'Beat \'em up','2019-07-05 23:46:44','2019-07-05 23:46:44'),(26,'Fighting','2019-07-05 23:46:44','2019-07-05 23:46:44');
/*!40000 ALTER TABLE `genres` ENABLE KEYS */;
UNLOCK TABLES;

--
-- Table structure for table `migrations`
--

DROP TABLE IF EXISTS `migrations`;
/*!40101 SET @saved_cs_client     = @@character_set_client */;
/*!40101 SET character_set_client = utf8 */;
CREATE TABLE `migrations` (
  `id` int(10) unsigned NOT NULL AUTO_INCREMENT,
  `migration` varchar(191) COLLATE utf8mb4_unicode_ci NOT NULL,
  `batch` int(11) NOT NULL,
  PRIMARY KEY (`id`)
) ENGINE=InnoDB AUTO_INCREMENT=8 DEFAULT CHARSET=utf8mb4 COLLATE=utf8mb4_unicode_ci;
/*!40101 SET character_set_client = @saved_cs_client */;

--
-- Dumping data for table `migrations`
--

LOCK TABLES `migrations` WRITE;
/*!40000 ALTER TABLE `migrations` DISABLE KEYS */;
INSERT INTO `migrations` VALUES (1,'2014_10_12_000000_create_users_table',1),(2,'2014_10_12_100000_create_password_resets_table',1),(3,'2019_05_24_174049_create_games_table',1),(4,'2019_05_24_174201_create_genres_table',1),(5,'2019_05_24_174804_create_publishers_table',1),(6,'2019_05_24_174819_create_platforms_table',1),(7,'2019_10_27_091230_rename_columns_to_games_table',2);
/*!40000 ALTER TABLE `migrations` ENABLE KEYS */;
UNLOCK TABLES;

--
-- Table structure for table `password_resets`
--

DROP TABLE IF EXISTS `password_resets`;
/*!40101 SET @saved_cs_client     = @@character_set_client */;
/*!40101 SET character_set_client = utf8 */;
CREATE TABLE `password_resets` (
  `email` varchar(191) COLLATE utf8mb4_unicode_ci NOT NULL,
  `token` varchar(191) COLLATE utf8mb4_unicode_ci NOT NULL,
  `created_at` timestamp NULL DEFAULT NULL,
  KEY `password_resets_email_index` (`email`)
) ENGINE=InnoDB DEFAULT CHARSET=utf8mb4 COLLATE=utf8mb4_unicode_ci;
/*!40101 SET character_set_client = @saved_cs_client */;

--
-- Dumping data for table `password_resets`
--

LOCK TABLES `password_resets` WRITE;
/*!40000 ALTER TABLE `password_resets` DISABLE KEYS */;
/*!40000 ALTER TABLE `password_resets` ENABLE KEYS */;
UNLOCK TABLES;

--
-- Table structure for table `platforms`
--

DROP TABLE IF EXISTS `platforms`;
/*!40101 SET @saved_cs_client     = @@character_set_client */;
/*!40101 SET character_set_client = utf8 */;
CREATE TABLE `platforms` (
  `id` bigint(20) unsigned NOT NULL AUTO_INCREMENT,
  `name` varchar(191) COLLATE utf8mb4_unicode_ci NOT NULL,
  `created_at` timestamp NULL DEFAULT NULL,
  `updated_at` timestamp NULL DEFAULT NULL,
  PRIMARY KEY (`id`)
) ENGINE=InnoDB AUTO_INCREMENT=38 DEFAULT CHARSET=utf8mb4 COLLATE=utf8mb4_unicode_ci;
/*!40101 SET character_set_client = @saved_cs_client */;

--
-- Dumping data for table `platforms`
--

LOCK TABLES `platforms` WRITE;
/*!40000 ALTER TABLE `platforms` DISABLE KEYS */;
INSERT INTO `platforms` VALUES (1,'','2019-07-05 23:46:44','2019-07-05 23:46:44'),(2,'PlayStation 4','2019-07-05 23:46:44','2019-07-05 23:46:44'),(3,'Xbox One','2019-07-05 23:46:44','2019-07-05 23:46:44'),(4,'Android','2019-07-05 23:46:44','2019-07-05 23:46:44'),(5,'PlayStation 3','2019-07-05 23:46:44','2019-07-05 23:46:44'),(6,'Xbox 360','2019-07-05 23:46:44','2019-07-05 23:46:44'),(7,'iOS','2019-07-05 23:46:44','2019-07-05 23:46:44'),(8,'Microsoft Windows','2019-07-05 23:46:44','2019-07-05 23:46:44'),(9,'Mac OS','2019-07-05 23:46:44','2019-07-05 23:46:44'),(10,'PlayStation Vita','2019-07-05 23:46:44','2019-07-05 23:46:44'),(11,'Wii U','2019-07-05 23:46:44','2019-07-05 23:46:44'),(12,'Linux','2019-07-05 23:46:44','2019-07-05 23:46:44'),(13,'Symbian','2019-07-05 23:46:44','2019-07-05 23:46:44'),(14,'Nintendo 3DS','2019-07-05 23:46:44','2019-07-05 23:46:44'),(15,'Ouya','2019-07-05 23:46:44','2019-07-05 23:46:44'),(16,'Wii','2019-07-05 23:46:44','2019-07-05 23:46:44'),(17,'Java','2019-07-05 23:46:44','2019-07-05 23:46:44'),(18,'PlayStation 2','2019-07-05 23:46:44','2019-07-05 23:46:44'),(19,'Nintendo DS','2019-07-05 23:46:44','2019-07-05 23:46:44'),(20,'PSP','2019-07-05 23:46:44','2019-07-05 23:46:44'),(21,'Xperia Play','2019-07-05 23:46:44','2019-07-05 23:46:44'),(22,'Windows Phone','2019-07-05 23:46:44','2019-07-05 23:46:44'),(23,'Fire OS','2019-07-05 23:46:44','2019-07-05 23:46:44'),(24,'Game Boy','2019-07-05 23:46:44','2019-07-05 23:46:44'),(25,'GameCube','2019-07-05 23:46:44','2019-07-05 23:46:44'),(26,'Nintendo Switch','2019-07-05 23:46:44','2019-07-05 23:46:44'),(27,'Zeebo','2019-07-05 23:46:44','2019-07-05 23:46:44'),(28,'Arcade Game','2019-07-05 23:46:44','2019-07-05 23:46:44'),(29,'Binary Runtime Environment for Wireless','2019-07-05 23:46:44','2019-07-05 23:46:44'),(30,'IBM PC compatible','2019-07-05 23:46:44','2019-07-05 23:46:44'),(31,'Dreamcast','2019-07-05 23:46:44','2019-07-05 23:46:44'),(32,'Nvidia Shield','2019-07-05 23:46:44','2019-07-05 23:46:44'),(33,'Bada','2019-07-05 23:46:44','2019-07-05 23:46:44'),(34,'BlackBerry','2019-07-05 23:46:44','2019-07-05 23:46:44'),(35,'Pocket PC','2019-07-05 23:46:44','2019-07-05 23:46:44'),(36,'Xbox','2019-07-05 23:46:44','2019-07-05 23:46:44'),(37,'Apple TV','2019-07-05 23:46:44','2019-07-05 23:46:44');
/*!40000 ALTER TABLE `platforms` ENABLE KEYS */;
UNLOCK TABLES;

--
-- Table structure for table `publishers`
--

DROP TABLE IF EXISTS `publishers`;
/*!40101 SET @saved_cs_client     = @@character_set_client */;
/*!40101 SET character_set_client = utf8 */;
CREATE TABLE `publishers` (
  `id` bigint(20) unsigned NOT NULL AUTO_INCREMENT,
  `name` varchar(191) COLLATE utf8mb4_unicode_ci NOT NULL,
  `created_at` timestamp NULL DEFAULT NULL,
  `updated_at` timestamp NULL DEFAULT NULL,
  PRIMARY KEY (`id`)
) ENGINE=InnoDB AUTO_INCREMENT=49 DEFAULT CHARSET=utf8mb4 COLLATE=utf8mb4_unicode_ci;
/*!40101 SET character_set_client = @saved_cs_client */;

--
-- Dumping data for table `publishers`
--

LOCK TABLES `publishers` WRITE;
/*!40000 ALTER TABLE `publishers` DISABLE KEYS */;
INSERT INTO `publishers` VALUES (1,'','2019-07-05 23:46:44','2019-07-05 23:46:44'),(2,'Spicy Horse','2019-07-05 23:46:44','2019-07-05 23:46:44'),(3,'Ubisoft','2019-07-05 23:46:44','2019-07-05 23:46:44'),(4,'Microïds','2019-07-05 23:46:44','2019-07-05 23:46:44'),(5,'Kalypso Media','2019-07-05 23:46:44','2019-07-05 23:46:44'),(6,'Bandai Namco Entertainment','2019-07-05 23:46:44','2019-07-05 23:46:44'),(7,'Warner Bros','2019-07-05 23:46:44','2019-07-05 23:46:44'),(8,'Interactive Entertainment','2019-07-05 23:46:44','2019-07-05 23:46:44'),(9,'Rocksteady','2019-07-05 23:46:44','2019-07-05 23:46:44'),(10,'2K Marin','2019-07-05 23:46:44','2019-07-05 23:46:44'),(11,'Activision','2019-07-05 23:46:44','2019-07-05 23:46:44'),(12,'2K Games','2019-07-05 23:46:44','2019-07-05 23:46:44'),(13,'Electronic Arts','2019-07-05 23:46:44','2019-07-05 23:46:44'),(14,'THQ','2019-07-05 23:46:44','2019-07-05 23:46:44'),(15,'Codemasters','2019-07-05 23:46:44','2019-07-05 23:46:44'),(16,'Bethesda','2019-07-05 23:46:44','2019-07-05 23:46:44'),(17,'BioWare','2019-07-05 23:46:44','2019-07-05 23:46:44'),(18,'SCS Software','2019-07-05 23:46:44','2019-07-05 23:46:44'),(19,'Microsoft Corporation','2019-07-05 23:46:44','2019-07-05 23:46:44'),(20,'Rockstar Games','2019-07-05 23:46:44','2019-07-05 23:46:44'),(21,'JoWooD Entertainment','2019-07-05 23:46:44','2019-07-05 23:46:44'),(22,'Playlogic International','2019-07-05 23:46:44','2019-07-05 23:46:44'),(23,'Eidos Interactive','2019-07-05 23:46:44','2019-07-05 23:46:44'),(24,'Avalanche Studios','2019-07-05 23:46:44','2019-07-05 23:46:44'),(25,'Square Enix','2019-07-05 23:46:44','2019-07-05 23:46:44'),(26,'Red Barrels','2019-07-05 23:46:44','2019-07-05 23:46:44'),(27,'Konami','2019-07-05 23:46:44','2019-07-05 23:46:44'),(28,'Valve Corporation','2019-07-05 23:46:44','2019-07-05 23:46:44'),(29,'Ripstone','2019-07-05 23:46:44','2019-07-05 23:46:44'),(30,'Capcom','2019-07-05 23:46:44','2019-07-05 23:46:44'),(31,'Atari','2019-07-05 23:46:44','2019-07-05 23:46:44'),(32,'Focus Home Interactive','2019-07-05 23:46:44','2019-07-05 23:46:44'),(33,'Telltale Games','2019-07-05 23:46:44','2019-07-05 23:46:44'),(34,'Remedy Entertainment','2019-07-05 23:46:44','2019-07-05 23:46:44'),(35,'CD Projekt','2019-07-05 23:46:44','2019-07-05 23:46:44'),(36,'Conspiracy Entertainment','2019-07-05 23:46:44','2019-07-05 23:46:44'),(37,'Sega','2019-07-05 23:46:44','2019-07-05 23:46:44'),(38,'Atlus','2019-07-05 23:46:44','2019-07-05 23:46:44'),(39,'Good Shepherd Entertainment','2019-07-05 23:46:44','2019-07-05 23:46:44'),(40,'Bohemia Interactive','2019-07-05 23:46:44','2019-07-05 23:46:44'),(41,'Shinji Mikami','2019-07-05 23:46:44','2019-07-05 23:46:44'),(42,'Bigben Interactive','2019-07-05 23:46:44','2019-07-05 23:46:44'),(43,'505 Games','2019-07-05 23:46:44','2019-07-05 23:46:44'),(44,'Pyro Studios','2019-07-05 23:46:44','2019-07-05 23:46:44'),(45,'Big Ant Studios','2019-07-05 23:46:44','2019-07-05 23:46:44'),(46,'D3 Publisher','2019-07-05 23:46:44','2019-07-05 23:46:44'),(47,'Aspyr','2019-07-05 23:46:44','2019-07-05 23:46:44'),(48,'Vivendi Games','2019-07-26 10:22:23','2019-07-26 10:22:23');
/*!40000 ALTER TABLE `publishers` ENABLE KEYS */;
UNLOCK TABLES;

--
-- Table structure for table `users`
--

DROP TABLE IF EXISTS `users`;
/*!40101 SET @saved_cs_client     = @@character_set_client */;
/*!40101 SET character_set_client = utf8 */;
CREATE TABLE `users` (
  `id` bigint(20) unsigned NOT NULL AUTO_INCREMENT,
  `name` varchar(191) COLLATE utf8mb4_unicode_ci NOT NULL,
  `email` varchar(191) COLLATE utf8mb4_unicode_ci NOT NULL,
  `email_verified_at` timestamp NULL DEFAULT NULL,
  `password` varchar(191) COLLATE utf8mb4_unicode_ci NOT NULL,
  `remember_token` varchar(100) COLLATE utf8mb4_unicode_ci DEFAULT NULL,
  `created_at` timestamp NULL DEFAULT NULL,
  `updated_at` timestamp NULL DEFAULT NULL,
  PRIMARY KEY (`id`),
  UNIQUE KEY `users_email_unique` (`email`)
) ENGINE=InnoDB DEFAULT CHARSET=utf8mb4 COLLATE=utf8mb4_unicode_ci;
/*!40101 SET character_set_client = @saved_cs_client */;

--
-- Dumping data for table `users`
--

LOCK TABLES `users` WRITE;
/*!40000 ALTER TABLE `users` DISABLE KEYS */;
/*!40000 ALTER TABLE `users` ENABLE KEYS */;
UNLOCK TABLES;

--
-- Dumping routines for database 'product_archive'
--
/*!40103 SET TIME_ZONE=@OLD_TIME_ZONE */;

/*!40101 SET SQL_MODE=@OLD_SQL_MODE */;
/*!40014 SET FOREIGN_KEY_CHECKS=@OLD_FOREIGN_KEY_CHECKS */;
/*!40014 SET UNIQUE_CHECKS=@OLD_UNIQUE_CHECKS */;
/*!40101 SET CHARACTER_SET_CLIENT=@OLD_CHARACTER_SET_CLIENT */;
/*!40101 SET CHARACTER_SET_RESULTS=@OLD_CHARACTER_SET_RESULTS */;
/*!40101 SET COLLATION_CONNECTION=@OLD_COLLATION_CONNECTION */;
/*!40111 SET SQL_NOTES=@OLD_SQL_NOTES */;

-- Dump completed on 2019-10-27 23:44:40
